Job ID,Job URL,Job Title,Company Name,Status,Timestamp,WP ID
e592675edca20e0b,https://lu.linkedin.com/jobs/view/enseignant-anglais-secondaire-h-f-candidatures-spontan%C3%A9es-at-vauban-ecole-et-lyc%C3%A9e-fran%C3%A7ais-de-luxembourg-4434335069,Enseignant anglais secondaire (H/F) - Candidatures spontanées,"Vauban, Ecole et Lycée Français de Luxembourg",posted,2026-07-07T00:49:33.157119,19
7131b18d087403e8,https://lu.linkedin.com/jobs/view/enseignant-lettres-h-f-candidatures-spontan%C3%A9es-at-vauban-ecole-et-lyc%C3%A9e-fran%C3%A7ais-de-luxembourg-4434321794,Enseignant Lettres (H/F) - Candidatures spontanées,"Vauban, Ecole et Lycée Français de Luxembourg",posted,2026-07-07T00:49:44.191835,21
26200aa139fe4e4d,https://lu.linkedin.com/jobs/view/charg%C3%A9-e-de-communication-m-f-d-cdd-100%25-at-centre-hospitalier-emile-mayrisch-4432354524,Chargé(e) de communication (m/f/d) CDD 100%,,scraped,2026-07-07T00:49:46.837355,
cde48c7f785bcae7,https://lu.linkedin.com/jobs/view/salari%C3%A9-qualifi%C3%A9-ou-salari%C3%A9-non-qualifi%C3%A9-%C3%A0-t%C3%A2che-manuelle-audiovisuel-et-lumi%C3%A8re-m-f-x-appel-%C3%A0-candidature-at-commune-de-bertrange-4435486430,Salarié qualifié ou salarié non qualifié à tâche manuelle - audiovisuel et lumière (m/f/x) - appel à candidature,Commune de Bertrange,posted,2026-07-07T00:50:05.486033,23
71586cca1e1cd30d,https://lu.linkedin.com/jobs/view/receptionist-f-m-at-luxembourg-air-rescue-luxembourg-air-services-4435849183,Receptionist (f/m),,scraped,2026-07-07T00:50:08.231385,
95c522894c872d34,https://lu.linkedin.com/jobs/view/gestionnaire-formation-h-f-cdi-40h-at-vauban-ecole-et-lyc%C3%A9e-fran%C3%A7ais-de-luxembourg-4434332329,Gestionnaire Formation (H/F) - CDI 40h,"Vauban, Ecole et Lycée Français de Luxembourg",posted,2026-07-07T00:51:30.025419,25
2177e132b4c49162,https://lu.linkedin.com/jobs/view/finance-intern-at-nato-support-and-procurement-agency-nspa-4427490634,Finance Intern,NATO Support and Procurement Agency (NSPA),posted,2026-07-07T00:52:49.900251,27
b20c85ba68ed340b,https://lu.linkedin.com/jobs/view/business-analyst-at-cosmote-global-solutions-4435810616,Business Analyst,,scraped,2026-07-07T00:52:52.577844,
e6bff20ca1c289e9,https://lu.linkedin.com/jobs/view/project-manager-at-oq-technology-4433925653,Project Manager,,scraped,2026-07-07T00:54:03.580068,
a21c269d06d154bb,https://lu.linkedin.com/jobs/view/area-sales-manager-luxembourg-at-tesla-4435836643,Area Sales Manager - Luxembourg,Tesla,posted,2026-07-07T00:55:22.950385,29
7c41a3909d3b68ed,https://lu.linkedin.com/jobs/view/aide-soignant-m-f-d-at-h%C3%B4pitaux-robert-schuman-4436071963,Aide-soignant (M/F/D),,scraped,2026-07-07T00:55:25.596401,
5d9779d0949e959e,https://lu.linkedin.com/jobs/view/food-hall-gang-aide-barista-at-cocottes-co-4434624203,Food Hall GANG - Aide Barista,,scraped,2026-07-07T00:56:37.701652,
952c6f7a8b90e610,https://lu.linkedin.com/jobs/view/legal-assistant-at-molitor-avocats-%C3%A0-la-cour-sarl-4431907969,Legal Assistant,MOLITOR Avocats à la Cour SARL,posted,2026-07-07T00:57:58.226480,31
b9b4ea53b63e8d71,https://lu.linkedin.com/jobs/view/vendeuse-vendeur-f-h-at-courir-4436345742,Vendeuse / Vendeur - F/H,,scraped,2026-07-07T00:58:00.820542,
58ebf0c06511fe9f,https://lu.linkedin.com/jobs/view/english-speaking-trainee-auditor-starting-date-january-2027-m-f-d-at-kpmg-luxembourg-4361401884,English speaking Trainee Auditor - Starting date: January 2027 (m/f/d),,scraped,2026-07-07T00:58:08.736768,
78245972e7073de4,https://lu.linkedin.com/jobs/view/junior-business-analyst-at-vass-benelux-4436700359,Junior Business Analyst,,scraped,2026-07-07T00:58:17.885251,
0bfce4e421e0e9f4,https://lu.linkedin.com/jobs/view/chauffeur-balayeuse-h-f-at-randstad-luxembourg-4435468116,CHAUFFEUR BALAYEUSE (H/F),,scraped,2026-07-07T00:58:25.883158,
f14e4d65436ab7d8,https://lu.linkedin.com/jobs/view/marketing-design-ad-specialist-at-jobgether-4435093789,Marketing Design & Ad Specialist,,scraped,2026-07-07T00:58:32.618052,
886c8b259637fa6c,https://lu.linkedin.com/jobs/view/responsable-logistique-stock-approvisionnement-et-flux-h-f-x-at-reckinger-alfred-s-a-4436092156,Responsable Logistique Stock Approvisionnement et Flux (H/F/X),,scraped,2026-07-07T00:59:42.914294,
c43cb240f969ce3e,https://lu.linkedin.com/jobs/view/it-manager-at-olm-consultants-4435527022,IT Manager,,scraped,2026-07-07T00:59:51.287995,
e40fae39037e560a,https://lu.linkedin.com/jobs/view/senior-business-analyst-at-wds-global-limited-4434608624,Senior Business Analyst,,scraped,2026-07-07T00:59:58.079880,
a4a2107224c9259f,https://lu.linkedin.com/jobs/view/young-talent-program-business-analyst-at-escent-4436319724,Young Talent Program - Business Analyst,'ESCENT,posted,2026-07-07T01:00:56.701542,33
2696e00d1cce951f,https://lu.linkedin.com/jobs/view/head-of-commercial-banking-luxembourg-at-riverbank-4435313345,Head of Commercial Banking - Luxembourg,,scraped,2026-07-07T01:00:59.516533,
cb3b849c6f2b2949,https://lu.linkedin.com/jobs/view/technical-author-multiple-roles-and-seniority-levels-at-jobgether-4435776299,Technical Author (multiple roles and seniority levels),,scraped,2026-07-07T01:02:10.590506,
7eb4891b08a6cc2f,https://lu.linkedin.com/jobs/view/marketing-assistant-traineeship-alternance-at-resultance-4432388327,Marketing Assistant - Traineeship/Alternance,,scraped,2026-07-07T01:03:20.812886,
ded6fffe33116d9f,https://lu.linkedin.com/jobs/view/senior-business-analyst-at-wds-global-limited-4432786825,Senior Business Analyst,,scraped,2026-07-07T01:03:29.153268,
1b340ea9ae476d99,https://lu.linkedin.com/jobs/view/chauffeur-livreur-poids-lourd-h-f-at-dussmann-luxembourg-4436094422,Chauffeur/Livreur poids lourd (H/F),Dussmann Luxembourg,posted,2026-07-07T01:03:51.109885,35
757c1fbdbebf2dee,https://lu.linkedin.com/jobs/view/candidature-spontan%C3%A9e-luxembourg-at-nsi-4386528327,Candidature Spontanée - Luxembourg,,scraped,2026-07-07T01:03:53.732422,
ab428838e63c7967,https://lu.linkedin.com/jobs/view/r-developer-with-life-science-background-at-jobgether-4432368985,R Developer with Life Science Background,,scraped,2026-07-07T01:05:05.415526,
0276476e5782bfed,https://lu.linkedin.com/jobs/view/aide-%C3%A9lectricien-h-f-at-reckinger-alfred-s-a-4432387189,AIDE ÉLECTRICIEN (H/F),,scraped,2026-07-07T01:05:11.929189,
4fc42161c0920fd1,https://lu.linkedin.com/jobs/view/employ%C3%A9-polyvalent-h-f-proxy-luxembourg-at-delhaize-luxembourg-sa-4431583883,Employé polyvalent H/F - Proxy Luxembourg,,scraped,2026-07-07T01:05:20.755200,
4aea36ccff65be5d,https://lu.linkedin.com/jobs/view/eurest-econome-h-f-at-compass-group-luxembourg-4431914098,EUREST - ECONOME H/F,,scraped,2026-07-07T01:06:31.839673,
fa671d7235f298b9,https://lu.linkedin.com/jobs/view/secr%C3%A9taire-m-f-%E2%80%93-site-%C3%A0-luxembourg-at-soclair-equipements-sa-4435200225,Secrétaire (m/f) – site à Luxembourg,,scraped,2026-07-07T01:06:42.090641,
58954936ae4ca52f,https://lu.linkedin.com/jobs/view/menuisier-h-f-at-proxiserve-nord-est-4435754521,Menuisier H/F,,scraped,2026-07-07T01:06:49.929701,
946084d858817895,https://lu.linkedin.com/jobs/view/intern-m-f-d-portfolio-management-private-markets-at-allianz-global-investors-4435171845,Intern (m/f/d) Portfolio Management Private Markets,,scraped,2026-07-07T01:06:56.992545,
06e76ea7a1656f4d,https://lu.linkedin.com/jobs/view/magasinier-livreur-at-goedert-group-4435417125,Magasinier-Livreur,,scraped,2026-07-07T01:08:09.875197,
c4f5051a4cc06640,https://lu.linkedin.com/jobs/view/tiktok-shop-specialist-at-jobgether-4436207826,TikTok Shop Specialist,,scraped,2026-07-07T01:08:18.215369,
91ef3d8450a4eb18,https://lu.linkedin.com/jobs/view/employ%C3%A9-polyvalent-h-f-strassen-at-delhaize-luxembourg-sa-4435429380,Employé polyvalent H/F - Strassen,,scraped,2026-07-07T01:08:24.624134,
d2b7ced3f97ed622,https://lu.linkedin.com/jobs/view/sales-events-coordinator-banquets-hospitality-cdd-6-mois-at-relais-ch%C3%A2teaux-4432748663,Sales & Events Coordinator Banquets/Hospitality - CDD 6 mois,,scraped,2026-07-07T01:10:41.636716,
259c927616bd0ac1,https://lu.linkedin.com/jobs/view/r%C3%A9f%C3%A9rent-protection-des-donn%C3%A9es-personnelles-rgpd-b%C3%A9n%C3%A9vole-colmar-wintzenheim-at-banques-alimentaires-4437115042,Référent protection des données personnelles RGPD bénévole (Colmar-Wintzenheim),,scraped,2026-07-07T01:12:58.994321,
016ff9ea05d932b4,https://lu.linkedin.com/jobs/view/responsable-du-service-achat-m-f-x-at-munhowen-sa-4435447590,Responsable du Service Achat (m/f/x),Munhowen SA,posted,2026-07-07T01:13:19.242392,37
d63f7f7fa7178bd4,https://lu.linkedin.com/jobs/view/business-analyst-at-devoteam-4388315645,Business Analyst,Devoteam,posted,2026-07-07T01:15:12.920358,39
8ea9b8eef9444994,https://lu.linkedin.com/jobs/view/assistant%C2%B7e-achats-at-groupe-costantini-4435461117,ASSISTANT·E ACHATS,,scraped,2026-07-07T01:15:15.562998,
a656bca80f4182ab,https://lu.linkedin.com/jobs/view/personal-assistant-part-time-at-anderson-wise-4433159908,Personal Assistant - Part-Time,,scraped,2026-07-07T01:16:28.149009,
3aaeca0adc2a423f,https://lu.linkedin.com/jobs/view/legal-assistant-international-law-firm-at-vialegis-legal-staffing-solutions-4436213069,Legal Assistant - International Law Firm,,scraped,2026-07-07T01:16:35.645807,
bdf1a8c12730aebe,https://lu.linkedin.com/jobs/view/agent-de-s%C3%A9curit%C3%A9-ssiap-2-cdd-6-mois-at-onet-luxembourg-4435464029,Agent de sécurité SSIAP 2 (CDD 6 mois),,scraped,2026-07-07T01:18:52.859123,
6895b48840399817,https://lu.linkedin.com/jobs/view/job-%C3%A9t%C3%A9-administratif-h-f-at-leclerc-le-poire-sur-vie-4436421308,JOB ÉTÉ - ADMINISTRATIF - H/F,,scraped,2026-07-07T01:19:00.860979,
e5690898a9721d1b,https://lu.linkedin.com/jobs/view/m%C3%A9treur%C2%B7euse-b%C3%A2timent-at-groupe-costantini-4435233509,MÉTREUR·EUSE BÂTIMENT,,scraped,2026-07-07T01:19:09.046998,
902bbf886904d5ef,https://lu.linkedin.com/jobs/view/paralegal-at-taylor-root-4434454413,Paralegal,,scraped,2026-07-07T01:19:17.754189,
b02f5607ca339f0b,https://lu.linkedin.com/jobs/view/membre-de-la-section-police-scientifique-expert-en-dactyloscopie-m-f-r%C3%A9f-e00043220-r%C3%A9f-f00043221-r%C3%A9f-m00043222-at-police-luxembourg-4435463092,Membre de la section police scientifique - Expert en dactyloscopie (m/f) (réf. E00043220) (réf. F00043221) (réf. M00043222),,scraped,2026-07-07T01:19:50.532832,
01cba367e7719477,https://lu.linkedin.com/jobs/view/business-analyst-at-centum-recruitment-international-limited-4436387029,Business Analyst,,scraped,2026-07-07T01:19:58.246334,
fbfbc55e43dcfcff,https://lu.linkedin.com/jobs/view/autonomous-vehicle-test-driver-at-tsmg-holding-4436762876,Autonomous Vehicle Test Driver,,scraped,2026-07-07T01:20:05.345812,
bf7b95851c9bde6c,https://lu.linkedin.com/jobs/view/talent-acquisition-specialist-at-fyst-4435813278,Talent Acquisition Specialist,,scraped,2026-07-07T01:21:16.471132,
93a2cfaa9a01b167,https://lu.linkedin.com/jobs/view/senior-investment-analyst-upto-%24130-hr-at-mercor-4434315564,Senior Investment Analyst | Upto $130/hr,,scraped,2026-07-07T01:22:27.718661,
d27bab0feab67b7f,https://lu.linkedin.com/jobs/view/conseiller-principal-d-education-h-f-cdi-40h-at-vauban-ecole-et-lyc%C3%A9e-fran%C3%A7ais-de-luxembourg-4434325697,Conseiller Principal d'Education (H/F) - CDI 40h,"Vauban, Ecole et Lycée Français de Luxembourg",posted,2026-07-07T01:22:46.241011,41
c21584137ced3d28,https://lu.linkedin.com/jobs/view/python-developer-remote-at-yo-it-consulting-4435007855,Python Developer - Remote,,scraped,2026-07-07T01:22:49.259310,
8c57899ba083972b,https://lu.linkedin.com/jobs/view/responsable-communication-h-f-at-cfl-soci%C3%A9t%C3%A9-nationale-des-chemins-de-fer-luxembourgeois-4411603645,Responsable Communication (H/F),,scraped,2026-07-07T01:22:55.957607,
e8806d59467fef02,https://lu.linkedin.com/jobs/view/junior-sales-representative-h-f-at-mamaboys-4435451721,Junior Sales Representative H/F,MAMABOYS,posted,2026-07-07T01:23:14.076388,43
79bce0cae349817c,https://lu.linkedin.com/jobs/view/pmo-project-management-officer-at-gs-advisory-group-4435813118,PMO / Project Management Officer,GS Advisory Group,posted,2026-07-07T01:23:27.556338,45
ea44e14f510e5333,https://lu.linkedin.com/jobs/view/valuation-analyst-aifm-at-xb-luxembourg-4421967109,Valuation Analyst - AIFM,,scraped,2026-07-07T01:23:30.277180,
929e7d98d518ca70,https://lu.linkedin.com/jobs/view/een-diplom%C3%A9ierten-erz%C3%A9ier-w-m-x-service-scaf-antenne-sud-at-apemh-4436712267,Een diploméierten Erzéier (w/m/x) - Service SCAF antenne Sud,,scraped,2026-07-07T01:23:36.988643,
30ddd565136617fd,https://lu.linkedin.com/jobs/view/senior-consultant-in-financial-services-at-sia-4432783829,Senior Consultant in Financial Services,,scraped,2026-07-07T01:23:46.030013,
30c90b766a120116,https://lu.linkedin.com/jobs/view/plusieurs-r%C3%A9dacteurs-m-f-at-ville-de-luxembourg-4435038042,Plusieurs rédacteurs (m/f),,scraped,2026-07-07T01:23:54.586513,
58b744c7892875ce,https://lu.linkedin.com/jobs/view/chef-de-service-chimioth%C3%A9rapie-m-f-d-cdi-100%25-at-centre-hospitalier-emile-mayrisch-4435836306,"Chef de Service, Chimiothérapie (m/f/d) CDI 100%",,scraped,2026-07-07T01:24:09.734863,
aa7e7cfbe59bb585,https://lu.linkedin.com/jobs/view/fund-structuring-corporate-finance-analyst-f-m-lu877775-at-morgan-philips-specialist-recruitment-4429855125,Fund Structuring & Corporate Finance Analyst F/M LU877775,,scraped,2026-07-07T01:26:27.483996,
8333f0bdaef78eb6,https://lu.linkedin.com/jobs/view/peintre-h-f-at-randstad-luxembourg-4432364915,Peintre H/F,,scraped,2026-07-07T01:27:39.441227,
313b2356de53ea8c,https://lu.linkedin.com/jobs/view/peintre-h-f-at-randstad-luxembourg-4432364921,Peintre H/F,,scraped,2026-07-07T01:27:46.491012,
676e7e472bef0035,https://lu.linkedin.com/jobs/view/chauffeur-b%C3%A9n%C3%A9vole-colmar-wintzenheim-at-banques-alimentaires-4437115041,Chauffeur bénévole (Colmar-Wintzenheim),,scraped,2026-07-07T01:27:53.233414,
be16f816c0780484,https://lu.linkedin.com/jobs/view/agent-e-de-s%C3%A9curit%C3%A9-h-f-%E2%80%93-fr-en-at-dussmann-luxembourg-4436098231,Agent.e de sécurité (H/F) – FR/EN,Dussmann Luxembourg,posted,2026-07-07T01:28:15.893242,47
0fa61d24bc6c52aa,https://lu.linkedin.com/jobs/view/responsables-de-restaurant-m-f-at-caterman-sa-4435457861,Responsables de Restaurant (M/F),,scraped,2026-07-07T01:28:18.484213,
2fcbd5cc1cedcc26,https://lu.linkedin.com/jobs/view/technical-instructor-ground-operations-training-at-cargolux-airlines-4406078781,Technical Instructor Ground Operations Training,,scraped,2026-07-07T01:28:27.688037,
d364787498be4f11,https://lu.linkedin.com/jobs/view/operations-controller-at-cargolux-airlines-4410608870,Operations Controller,,scraped,2026-07-07T01:29:38.868370,
b9a11becfad8c791,https://lu.linkedin.com/jobs/view/aides-soignants-f-m-cdi-temps-partiel-temps-plein-at-hppa-homes-pour-personnes-%C3%A2g%C3%A9es-4435716323,Aides-soignants (f/m) - CDI - temps partiel/temps plein,,scraped,2026-07-07T01:29:45.461491,
482c7c17c99c7952,https://lu.linkedin.com/jobs/view/aides-soignants-f-m-cdi-temps-partiel-temps-plein-at-hppa-homes-pour-personnes-%C3%A2g%C3%A9es-4435712403,Aides-soignants (f/m) - CDI - temps partiel/temps plein,,scraped,2026-07-07T01:29:53.443194,
bb1294451ead479f,https://lu.linkedin.com/jobs/view/supply-chain-manager-at-amazon-4435842672,Supply Chain Manager,Amazon,posted,2026-07-07T01:30:22.831144,49
83350dc3afe14d1c,https://lu.linkedin.com/jobs/view/tableautier-hvac-h-f-x-at-reckinger-alfred-s-a-4432381386,TABLEAUTIER HVAC (H/F/X),,scraped,2026-07-07T01:30:25.816021,
5fa709c91f3d54c8,https://lu.linkedin.com/jobs/view/agent-sr-insurance-at-cargolux-airlines-4405501523,Agent (SR) Insurance,,scraped,2026-07-07T01:30:34.437112,
cbd20803d1733912,https://lu.linkedin.com/jobs/view/new-c-p-responsable-de-bar-h-f-x-at-concept-partners-4435438192,NEW - C&P - Responsable de bar (H/F/X),,scraped,2026-07-07T01:30:41.320045,
522fbec5782663ad,https://lu.linkedin.com/jobs/view/category-manager-packaging-global-procurement-operations-gpo-at-amazon-4436446391,"Category Manager, Packaging, Global Procurement Operations (GPO)",Amazon,posted,2026-07-07T01:30:58.110242,51
4397a736d29f49e2,https://lu.linkedin.com/jobs/view/program-manager-at-amazon-4435848569,Program Manager,Amazon,posted,2026-07-07T01:31:31.734669,53
724016ef840ade66,https://lu.linkedin.com/jobs/view/aides-soignants-f-m-cdi-temps-partiel-temps-plein-at-hppa-homes-pour-personnes-%C3%A2g%C3%A9es-4435702880,Aides-soignants (f/m) - CDI - temps partiel/temps plein,,scraped,2026-07-07T01:31:34.345221,
17e4d6f84c0752ba,https://lu.linkedin.com/jobs/view/serrurier-monteur-h-f-at-randstad-luxembourg-4431916756,Serrurier monteur (H/F),,scraped,2026-07-07T01:31:42.323044,
a86a755dbe5d2794,https://lu.linkedin.com/jobs/view/aides-soignants-f-m-cdi-temps-partiel-temps-plein-at-hppa-homes-pour-personnes-%C3%A2g%C3%A9es-4435710401,Aides-soignants (f/m) - CDI - temps partiel/temps plein,,scraped,2026-07-07T01:31:49.243603,
cb05efa1660e72d2,https://lu.linkedin.com/jobs/view/magasinier-h-f-at-dussmann-luxembourg-4436090479,Magasinier (H/F),Dussmann Luxembourg,posted,2026-07-07T01:32:10.497442,55
68424225774ac41a,https://lu.linkedin.com/jobs/view/zimmermann-f%C3%BCr-die-werkstatt-m-w-d-at-prefalux-sa-4432388187,Zimmermann für die Werkstatt (m/w/d),,scraped,2026-07-07T01:32:13.192350,
e7eb64d2a6918da8,https://lu.linkedin.com/jobs/view/caissier-r%C3%A9assortisseur-h-f-shop-go-bridel-at-delhaize-luxembourg-sa-4436071719,Caissier | Réassortisseur H/F - Shop&GO Bridel,,scraped,2026-07-07T01:32:21.361382,
637c0ede1e363ff4,https://lu.linkedin.com/jobs/view/new-artisan-polyvalent-m-w-nb-%E2%80%93-service-technique-osten-at-arcus-asbl-4434198727,NEW Artisan polyvalent (M/W/NB) – Service Technique (Osten),arcus asbl,posted,2026-07-07T01:33:16.600494,57
dadb98ef9056a9b3,https://lu.linkedin.com/jobs/view/data-engineer-amazon-customer-service-data-analytics-support-hub-at-amazon-4426563874,"Data Engineer, Amazon Customer Service Data Analytics Support Hub",Amazon,posted,2026-07-07T01:33:35.550943,59
e4e7a5e10277eca8,https://lu.linkedin.com/jobs/view/senior-corporate-officer-at-cresvia-capital-4432339766,Senior Corporate Officer,Cresvia Capital,posted,2026-07-07T01:33:50.634574,61
3d394fddc85e8e29,https://lu.linkedin.com/jobs/view/financial-reporting-analyst-f-m-investment-management-firm-lu877414-at-morgan-philips-specialist-recruitment-4421147745,Financial Reporting Analyst F/M - Investment management firm LU877414,,scraped,2026-07-07T01:33:53.457144,
09e6abb1cba58bea,https://lu.linkedin.com/jobs/view/salari%C3%A9-%C3%A0-t%C3%A2che-intellectuelle-a1-ressources-humaines-at-commune-de-mondorf-les-bains-4436083926,Salarié à tâche intellectuelle A1 - Ressources humaines,,scraped,2026-07-07T01:34:01.926281,
6cb4ccd709f2e232,https://lu.linkedin.com/jobs/view/assistant-recrutement-m-f-at-proactif-sis-s%C3%A0rl-4432389280,Assistant recrutement (m/f),,scraped,2026-07-07T01:34:10.589973,
ad01df0d488df57e,https://lu.linkedin.com/jobs/view/ing%C3%A9nieur-ia-axa-luxembourg-cdi-at-axa-luxembourg-axa-wealth-europe-4431918631,Ingénieur IA - AXA Luxembourg - CDI,,scraped,2026-07-07T01:34:21.879359,
ec632a34c81e3359,https://lu.linkedin.com/jobs/view/senior-business-financial-analyst-at-select-hr-luxembourg-4436333168,Senior Business Financial Analyst,,scraped,2026-07-07T01:34:29.043800,
2e3277460ef0104f,https://lu.linkedin.com/jobs/view/junior-accountant-at-baker-tilly-luxembourg-4435818327,Junior Accountant,,scraped,2026-07-07T01:34:38.377101,
fe5961154aeb1033,https://lu.linkedin.com/jobs/view/csr-and-quality-of-work-life-officer-at-luxtrust-s-a-4436217225,CSR and Quality of Work Life Officer,,scraped,2026-07-07T01:34:47.608795,
0b27c7376c0074e1,https://lu.linkedin.com/jobs/view/account-manager-%E2%80%93-metal-sales-at-redstone-search-group-4436497098,Account Manager – Metal Sales,,scraped,2026-07-07T01:34:56.432583,
0672f1286bf95888,https://lu.linkedin.com/jobs/view/ui-designer-at-cloud-power-luxembourg-4434192958,UI Designer,Cloud Power Luxembourg,posted,2026-07-07T01:35:52.659811,63
eb74a432381049d2,https://lu.linkedin.com/jobs/view/head-of-private-banking-f-m-lu873324-at-morgan-philips-executive-search-4416817778,Head of Private Banking F/M LU873324,,scraped,2026-07-07T01:35:55.508975,
968b78a61c9079d1,https://lu.linkedin.com/jobs/view/change-management-officer-at-mitsubishi-ufj-investor-services-banking-luxembourg-s-a-mibl-4436339191,Change Management Officer,,scraped,2026-07-07T01:36:03.753537,
3242218ed709d375,https://lu.linkedin.com/jobs/view/responsable-coordinateur-soins-m-w-x-100%25-cdi-domaine-schoumansbongert-at-fondation-kr%C3%A4izbierg-4436087035,Responsable - Coordinateur Soins (m/w/x) 100% CDI - Domaine Schoumansbongert,,scraped,2026-07-07T01:36:30.461357,
843771e19e9bce42,https://lu.linkedin.com/jobs/view/junior-fund-controller-f-m-lu877162-at-morgan-philips-specialist-recruitment-4415270428,(Junior) Fund Controller F/M - LU877162,,scraped,2026-07-07T01:36:39.371346,
5d17df304105ac81,https://lu.linkedin.com/jobs/view/network-administrator-at-squaredev-4437179532,Network Administrator,,scraped,2026-07-07T01:36:47.625114,
89a28c4f7a65feaa,https://lu.linkedin.com/jobs/view/membre-de-l-%C3%A9quipe-dirigeante-h-f-x-cdi-40h-sem-maison-relais-mueresgaessel%C2%A0-canach-cjf-20260630-1-at-cjf-asbl-4434622263,Membre de l'équipe dirigeante (H/F/X) - CDI - 40h/sem - Maison relais Mueresgaessel - Canach CJF_20260630-1,,scraped,2026-07-07T01:36:55.182581,
2c425f87f7a8cbd1,https://lu.linkedin.com/jobs/view/serveur-stand-poissonnerie-kirchberg-h-f-at-auchan-retail-luxembourg-4434321472,Serveur stand Poissonnerie - Kirchberg (H-F),Auchan Retail Luxembourg,posted,2026-07-07T01:37:15.788031,65
c4879f0f091d1138,https://lu.linkedin.com/jobs/view/job-%C3%A9t%C3%A9-logistique-h-f-at-leclerc-le-poire-sur-vie-4436406964,JOB ÉTÉ LOGISTIQUE - H/F,,scraped,2026-07-07T01:37:18.402521,
acbebffe6bb277e2,https://lu.linkedin.com/jobs/view/agent-de-s%C3%BBret%C3%A9-a%C3%A9roportuaire-session-septembre-2026-at-lux-airport-4432374251,Agent de Sûreté aéroportuaire session septembre 2026,,scraped,2026-07-07T01:37:25.275470,
f34b2773cdebf11c,https://lu.linkedin.com/jobs/view/planning-assistant-h-f-at-dussmann-luxembourg-4436078978,Planning assistant (H/F),Dussmann Luxembourg,posted,2026-07-07T01:37:46.220924,67
ff43562c5a7c39f8,https://lu.linkedin.com/jobs/view/sr-mgr-safety-programs-eu-row-employee-safety-experience-at-amazon-4413683906,"Sr. Mgr. Safety Programs EU/ROW, Employee Safety Experience",Amazon,posted,2026-07-07T01:38:17.955503,69
61288b3fae873b1c,https://lu.linkedin.com/jobs/view/cdi-middle-and-back-office-forex-h-f-at-caceis-4433934565,CDI - Middle and Back Office - FOREX H/F,,scraped,2026-07-07T01:38:20.633234,
21c7b643e927e758,https://lu.linkedin.com/jobs/view/digital-factory-architecture-research-manager-assistant-director-at-ey-4412825582,Digital Factory - Architecture Research Manager - Assistant Director,EY,posted,2026-07-07T01:38:37.247102,71
4f4add5b16a806ee,https://lu.linkedin.com/jobs/view/agent-%C3%A9ducatif-oder-%C3%A9ducateur-dipl%C3%B4m%C3%A9-zu-miersch-gralingen-oder-alz%C3%A9ng-cdi-50%25-bis-100%25-at-sos-kannerduerf-l%C3%ABtzebuerg-4435441754,"Agent éducatif oder Éducateur diplômé zu Miersch, Gralingen oder Alzéng - CDI 50% bis 100%",,scraped,2026-07-07T01:38:39.943662,
9ac4ca5aca64bf44,https://lu.linkedin.com/jobs/view/chef-p%C3%A2tissier-m-f-at-caterman-sa-4435472330,Chef Pâtissier (M/F),,scraped,2026-07-07T01:38:47.007893,
5854990f0f1f295b,https://lu.linkedin.com/jobs/view/business-control-officer-at-natwest-group-4387477852,Business Control Officer,NatWest Group,posted,2026-07-07T01:39:11.873236,73
510497b72157ce6a,https://lu.linkedin.com/jobs/view/senior-consultant-at-sia-4436331808,Senior Consultant,,scraped,2026-07-07T01:39:14.554984,
384b282d04323fea,https://lu.linkedin.com/jobs/view/compliance-officer-at-apex-group-ltd-4397056671,Compliance Officer,,scraped,2026-07-07T01:39:22.731567,
7ae2db29755fb973,https://lu.linkedin.com/jobs/view/membre-de-l-%C3%A9quipe-dirigeante-h-f-x-cdi-40h-sem-cr%C3%A8che-am-pescher-strassen-cjf-20260602-2-at-cjf-asbl-4435839186,Membre de l'équipe dirigeante (H/F/X) - CDI - 40h/sem - Crèche Am Pescher - Strassen CJF_20260602-2,,scraped,2026-07-07T01:39:29.925602,
6b5a626ab8a0b9e3,https://lu.linkedin.com/jobs/view/conseiller-%C3%A8re-service-apr%C3%A8s-vente-mersch-at-bilia-group-4436224693,Conseiller(-ère) Service après-vente - Mersch,Bilia Group,posted,2026-07-07T01:40:07.569379,75
bd2ba94de63c8421,https://lu.linkedin.com/jobs/view/team-leader-f-h-x-at-veolia-belgium-luxembourg-4436088170,Team Leader (F/H/X),,scraped,2026-07-07T01:40:10.353322,
0ed41842991631d9,https://lu.linkedin.com/jobs/view/assistant-e-rh-h-f-d-at-luxlait-4432311793,Assistant(e) RH (H/F/D),,scraped,2026-07-07T01:40:18.336510,
658c03ee4dc4b5f4,https://lu.linkedin.com/jobs/view/schreiner-f%C3%BCr-werkstatt-m-w-d-at-prefalux-sa-4432383354,Schreiner für Werkstatt (m/w/d),,scraped,2026-07-07T01:40:28.986250,
40844dec28853225,https://lu.linkedin.com/jobs/view/actuarial-associate-at-pwc-luxembourg-4423100487,Actuarial Associate,,scraped,2026-07-07T01:40:37.193505,
31d1bc51af1055ae,https://lu.linkedin.com/jobs/view/business-development-partner-at-kyndryl-4436089439,Business Development Partner,,scraped,2026-07-07T01:40:45.725346,
fd54e102e89e5b9f,https://lu.linkedin.com/jobs/view/customer-experience-manager-at-jobgether-4436082115,Customer Experience Manager,,scraped,2026-07-07T01:41:07.280273,
f11502b32f623e5f,https://lu.linkedin.com/jobs/view/user-acceptance-test-analyst-at-loterie-nationale-luxembourg-4416661948,User Acceptance Test Analyst,,scraped,2026-07-07T01:41:14.034700,
fd6549caeebc47ae,https://lu.linkedin.com/jobs/view/windows-and-vmware-administrator-cdi-at-nomura-4435465387,Windows and VMware Administrator - CDI,,scraped,2026-07-07T01:41:22.428493,
f3d20eb0e89b0a1b,https://lu.linkedin.com/jobs/view/fund-lifecycle-events-officer-at-taleo-consulting-4433926684,Fund Lifecycle & Events Officer,,scraped,2026-07-07T01:41:30.536662,
d0c8093f9485bcb8,https://lu.linkedin.com/jobs/view/vie-business-coordination-officer-h-f-at-caceis-4414020778,VIE - Business Coordination Officer H/F,,scraped,2026-07-07T01:41:38.131865,
46f7f9881683afa1,https://lu.linkedin.com/jobs/view/technicien-%C3%A9tudes-de-prix-%E2%80%93-hvac-sanitaire-m-f-%E2%80%93-site-%C3%A0-differdange-at-soclair-equipements-sa-4435089458,Technicien études de prix – HVAC & SANITAIRE (m/f) – site à Differdange,,scraped,2026-07-07T01:41:45.508869,
764f22d6284552e7,https://lu.linkedin.com/jobs/view/trainee-director-s-office-m-w-d-at-dz-privatbank-ag-4437188368,Trainee Director's Office (m|w|d),,scraped,2026-07-07T01:41:53.779809,
d33a740d7b21b19a,https://lu.linkedin.com/jobs/view/junior-it-anwendungsadministrator-m-w-d-at-dz-privatbank-ag-4398507435,(Junior) IT-Anwendungsadministrator (m|w|d),,scraped,2026-07-07T01:42:01.412973,
8eef21565fd0105d,https://lu.linkedin.com/jobs/view/salari%C3%A9-%C3%A0-t%C3%A2che-intellectuelle-b1-ressources-humaine-at-commune-de-mondorf-les-bains-4436088703,Salarié à tâche intellectuelle B1 - Ressources humaine,,scraped,2026-07-07T01:42:10.051195,
6fd376ad52dcf503,https://lu.linkedin.com/jobs/view/territory-account-manager-luxembourg-at-nutanix-4436710657,Territory Account Manager - Luxembourg,,scraped,2026-07-07T01:42:18.350793,
7b9ec0c42e64b1db,https://lu.linkedin.com/jobs/view/consultant-microsoft-purview-dlp-at-digitalize-advisory-certified-b-corp%E2%84%A2-4436909142,Consultant Microsoft Purview / DLP,,scraped,2026-07-07T01:42:38.106068,
a5620e3e2735a372,https://lu.linkedin.com/jobs/view/chauffeur-camion-citerne-adr-f-h-d-at-petro-center-luxembourg-4435451335,Chauffeur Camion-Citerne ADR (F/H/D),,scraped,2026-07-07T01:42:50.872739,
7c9b22c32e2a955b,https://lu.linkedin.com/jobs/view/agent-data-quality-csc-m-f-n-at-enovos-luxembourg-4435850016,Agent Data Quality CSC (m/f/n),,scraped,2026-07-07T01:43:08.606605,
445ad6a94f6a02a6,https://lu.linkedin.com/jobs/view/company-secretary-corporate-governance-at-anderson-wise-4433176338,Company Secretary - corporate governance,,scraped,2026-07-07T01:43:19.207050,
c1cb3405babf0ecf,https://lu.linkedin.com/jobs/view/responsable-maintenance-et-exploitation-junior-en-site-immobilier-tertiaire-h-f-cdi-colmar-at-bon-talent-cabinet-de-conseil-en-recrutement-4432375013,RESPONSABLE MAINTENANCE ET EXPLOITATION JUNIOR EN SITE IMMOBILIER TERTIAIRE H/F - CDI - COLMAR,,scraped,2026-07-07T01:43:26.176339,
9a8225ce6d0c6bbf,https://lu.linkedin.com/jobs/view/technical-product-management-specialist-at-pm-international-4417102549,Technical Product Management Specialist,,scraped,2026-07-07T01:43:35.078338,
35b1f9a652219111,https://lu.linkedin.com/jobs/view/servicenow-cmdb-steward-at-aco-human-capital-4434991040,ServiceNow CMDB Steward,,scraped,2026-07-07T01:43:42.234451,
052efdda69824ef4,https://lu.linkedin.com/jobs/view/technicien-de-maintenance-m-f-at-caterman-sa-4435458869,Technicien de maintenance (M/F),,scraped,2026-07-07T01:43:52.149960,
06e211d577a69b26,https://lu.linkedin.com/jobs/view/data-quality-third-party-governance-officer-at-stott-and-may-4432754574,Data Quality & Third-Party Governance Officer,,scraped,2026-07-07T01:44:06.731680,
ee325ac50e7f2cea,https://lu.linkedin.com/jobs/view/erz%C3%A9ier-m-w-x-100%25-cdi-service-suivi-psychosocial-at-fondation-kr%C3%A4izbierg-4435075627,Erzéier (m/w/x) 100% CDI - Service Suivi Psychosocial,,scraped,2026-07-07T01:44:13.251923,
8d90d7d9b8b14dea,https://lu.linkedin.com/jobs/view/it-application-support-officer-at-deloitte-4432706074,IT Application Support Officer,Deloitte,posted,2026-07-07T01:45:02.584641,77
42f164906dbec0d9,https://lu.linkedin.com/jobs/view/fincrime-investigator-at-satispay-4397050780,FinCrime Investigator,,scraped,2026-07-07T01:45:05.463952,
7aa35b41ca665738,https://lu.linkedin.com/jobs/view/qhsse-advisor-offshore-energy-at-jan-de-nul-group-4299390524,QHSSE Advisor Offshore Energy,,scraped,2026-07-07T01:45:13.805608,
2ab37552e156e8ca,https://lu.linkedin.com/jobs/view/responsabel-familienaarbecht-m-f-x-cdi-40-stonnen-woch-si%C3%A8ge-howald-cjf-20260309-at-cjf-asbl-4436205953,Responsabel Familienaarbecht (m/f/x) - CDI - 40 Stonnen / Woch - Siège Howald CJF_20260309,,scraped,2026-07-07T01:45:20.913730,
d3aa3b2ac94ea7f3,https://lu.linkedin.com/jobs/view/ai-automation-sales-partner-commission-only-4436309022,AI Automation Sales Partner (Commission-Only),Argos,posted,2026-07-07T01:45:34.894624,79
b1724dc4441b30e6,https://lu.linkedin.com/jobs/view/coordinateur-ev%C3%A8nementiel-m-f-at-caterman-sa-4435475161,Coordinateur Evènementiel (M/F),,scraped,2026-07-07T01:45:37.482385,
1c63fe679b402ee4,https://lu.linkedin.com/jobs/view/senior-business-analyst-at-iq-solutions-luxembourg-4435238000,Senior Business Analyst,,scraped,2026-07-07T01:45:46.184854,
3e82fecde90a8e7b,https://lu.linkedin.com/jobs/view/ing%C3%A9nieur-gestion-de-l-eau-at-inca-ing%C3%A9nieurs-conseils-associ%C3%A9s-s-%C3%A0-r-l-4435230628,Ingénieur Gestion de l'eau,,scraped,2026-07-07T01:45:54.269117,
3976d34e4ec9669a,https://lu.linkedin.com/jobs/view/net-engineer-remote-at-yo-it-consulting-4435713463,.NET Engineer - Remote,,scraped,2026-07-07T01:46:03.760032,
a07dda2917891483,https://lu.linkedin.com/jobs/view/cadre-m-f-d-centre-d-aide-et-de-soins-de-luxembourg-est-niederanven-at-st%C3%ABftung-h%C3%ABllef-doheem-4432313612,Cadre (m/f/d) - Centre d'Aide et de Soins de Luxembourg-Est (Niederanven),,scraped,2026-07-07T01:46:10.275529,
66bb5e50689e498c,https://lu.linkedin.com/jobs/view/consultant-business-transformation-operational-excellence-at-resultance-4434190509,Consultant - Business Transformation & Operational Excellence,,scraped,2026-07-07T01:46:22.197558,
42246a5e5fb08fcf,https://lu.linkedin.com/jobs/view/process-lead-at-systemsaccountants-4422994076,Process Lead,,scraped,2026-07-07T01:46:30.579778,
ff46254996442529,https://lu.linkedin.com/jobs/view/cybersecurity-it-service-manager-at-cronos-europa-4434361640,Cybersecurity IT Service Manager,,scraped,2026-07-07T01:46:38.525129,
f8d9a3df3013572f,https://lu.linkedin.com/jobs/view/junior-compliance-and-corporate-officer-at-anderson-wise-4433173343,Junior Compliance and Corporate Officer,,scraped,2026-07-07T01:46:45.988683,
6a88ca62d2106603,https://lu.linkedin.com/jobs/view/agent-central-back-office-m-f-x-at-luxair-4428109335,Agent Central Back-Office (m/f/x),,scraped,2026-07-07T01:46:53.364222,
e31812409a7a58a4,https://lu.linkedin.com/jobs/view/directeur-adjoint-h-f-proxy-bettembourg-at-delhaize-luxembourg-sa-4435452929,Directeur Adjoint (H/F) - Proxy Bettembourg,,scraped,2026-07-07T01:47:01.068528,
5fdb12f219fb13fa,https://lu.linkedin.com/jobs/view/senior-depositary-services-officer-at-natwest-group-4437408390,Senior Depositary Services Officer,NatWest Group,posted,2026-07-07T01:47:19.568329,81
d01243aabdb64737,https://lu.linkedin.com/jobs/view/aide-soignant-m-f-d-centre-d-aide-et-de-soins-de-luxembourg-est-niederanven-at-st%C3%ABftung-h%C3%ABllef-doheem-4434616328,Aide-soignant (m/f/d) - Centre d'Aide et de Soins de Luxembourg-Est (Niederanven),,scraped,2026-07-07T01:47:22.452648,
cade854ac711fa77,https://lu.linkedin.com/jobs/view/account-manager-healthcare-at-avient-corporation-4413682135,Account Manager Healthcare,,scraped,2026-07-07T01:47:32.197977,
19c326961f2a06af,https://lu.linkedin.com/jobs/view/assistant-manager-business-development-at-jtc-group-4428120770,Assistant Manager - Business Development,,scraped,2026-07-07T01:47:47.168621,
6faee545caa7cf88,https://lu.linkedin.com/jobs/view/accountant-at-oniverse-4433935137,Accountant,,scraped,2026-07-07T01:47:54.627053,
483aaff1b8ecb383,https://lu.linkedin.com/jobs/view/technical-manager-automotive-and-industrial-at-jobgether-4435416870,Technical Manager - Automotive and Industrial,,scraped,2026-07-07T01:48:01.844385,
4d2685961db2a863,https://lu.linkedin.com/jobs/view/bmc-helix-application-manager-medior-job-id-jp054718-at-itproposal-4437461481,BMC Helix Application Manager (Medior) Job ID: JP054718,,scraped,2026-07-07T01:48:08.531134,
bd1973f1275e51a7,https://lu.linkedin.com/jobs/view/new-agent-sociop%C3%A9dagogique-aide-socio-%C3%A9ducatif-m-w-nb-maison-relais-habscht-%C3%A4ischen-at-arcus-asbl-4435451418,NEW Agent sociopédagogique / Aide socio-éducatif (M/W/NB) - Maison Relais Habscht/Äischen,arcus asbl,posted,2026-07-07T01:49:04.639026,83
ed7ea9519ceb491f,https://lu.linkedin.com/jobs/view/chef-d-%C3%A9quipe-stand-poissonnerie-cloche-d-or-h-f-at-auchan-retail-luxembourg-4435207573,Chef d'équipe stand poissonnerie - Cloche d'or (H-F),Auchan Retail Luxembourg,posted,2026-07-07T01:49:20.275773,85
859dda1604a37287,https://lu.linkedin.com/jobs/view/director-of-engineering-platform-at-champ-cargosystems-4436459179,Director of Engineering & Platform,,scraped,2026-07-07T01:49:25.227928,
674c0a6a7b2b2839,https://lu.linkedin.com/jobs/view/corporate-accountant-at-funds-talent-4428250946,Corporate Accountant,,scraped,2026-07-07T01:49:34.234605,
0f71b4098f86e25f,https://lu.linkedin.com/jobs/view/treasury-dealer-at-bank-of-china-europe-s-a-and-bank-of-china-luxembourg-branch-4422978925,Treasury Dealer,,scraped,2026-07-07T01:49:41.009639,
29ada892bbd8ea1e,https://lu.linkedin.com/jobs/view/internship-finance-controlling-better-for-you-category-starting-from-september-at-ferrero-4408002501,INTERNSHIP Finance Controlling: Better for You Category (Starting from September),,scraped,2026-07-07T01:49:49.226353,
e58ddd7482b187d0,https://lu.linkedin.com/jobs/view/engagement-assistant-m-f-d-at-kpmg-luxembourg-4408296885,Engagement Assistant (m/f/d),,scraped,2026-07-07T01:49:56.711932,
64cff44639eb0165,https://lu.linkedin.com/jobs/view/gestionnaire-de-paie-at-post-luxembourg-4436079719,Gestionnaire de paie,,scraped,2026-07-07T01:50:05.258382,
8e50853fd773d1cf,https://lu.linkedin.com/jobs/view/new-educateur-dipl%C3%B4m%C3%A9-m-w-nb-formida-wunnen-esch-at-arcus-asbl-4436086713,NEW Educateur diplômé (M/W/NB) - Formida Wunnen (Esch),arcus asbl,posted,2026-07-07T01:51:00.755506,87
cd59c5634607bfee,https://lu.linkedin.com/jobs/view/directeur-financier-at-select-hr-luxembourg-4436491985,Directeur Financier,,scraped,2026-07-07T01:51:03.660529,
7da1a6b8348a9e05,https://lu.linkedin.com/jobs/view/al%C3%A9seur-fraiseur-h-f-%E2%80%93-secteur-sid%C3%A9rurgie-at-randstad-luxembourg-4435061310,Aléseur-Fraiseur (H/F) – Secteur Sidérurgie,,scraped,2026-07-07T01:51:13.412247,
dc55e1eeba164316,https://lu.linkedin.com/jobs/view/business-analyst-at-amazon-4436937696,Business Analyst,Amazon,posted,2026-07-07T01:51:38.552180,39
21f71dbb3d19ec7d,https://lu.linkedin.com/jobs/view/agent-comptable-m-f-x-cdi-75%25-%C3%A0-100%25-mersch-at-sos-kannerduerf-l%C3%ABtzebuerg-4435027717,Agent comptable (m/f/x) - CDI 75% à 100% - Mersch,,scraped,2026-07-07T01:51:41.342977,
58c3707696ed1bc0,https://lu.linkedin.com/jobs/view/site-supervisor-at-l-e-a-se-s-a-luxembourg-engineering-application-services-4433171893,Site Supervisor,,scraped,2026-07-07T01:51:49.658485,
ba1922c3d96031b5,https://lu.linkedin.com/jobs/view/specialist-client-processing-ii-at-bny-4437451228,"Specialist, Client Processing II",BNY,posted,2026-07-07T01:52:10.251957,89
ea3551c18e894bf6,https://lu.linkedin.com/jobs/view/danish-proofreader-m-f-d-at-randstad-luxembourg-4434673096,Danish ProofReader (M/F/D),,scraped,2026-07-07T01:52:13.142323,
79947034ca931814,https://lu.linkedin.com/jobs/view/een-diplom%C3%A9ierten-erz%C3%A9ier-w-m-x-saj-2-zu-esch-sur-alzette-at-apemh-4431929343,Een diploméierten Erzéier (w/m/x) -SAJ 2 zu Esch sur Alzette,,scraped,2026-07-07T01:52:19.802613,
abd53af4d4260cb1,https://lu.linkedin.com/jobs/view/salari%C3%A9-%C3%A0-t%C3%A2che-intellectuelle-a2-ressources-humaines-at-commune-de-mondorf-les-bains-4436095556,Salarié à tâche intellectuelle A2 - Ressources humaines,,scraped,2026-07-07T01:52:26.869990,
6932dceefb0660df,https://lu.linkedin.com/jobs/view/un-assistant-pour-le-service-qualit%C3%A9-et-hygi%C3%A8ne-m-f-at-caterman-sa-4435460532,Un Assistant pour le Service Qualité et Hygiène (M/F),,scraped,2026-07-07T01:52:35.486230,
44e7bcdcb73d8f6d,https://lu.linkedin.com/jobs/view/junior-tax-compliance-indirect-tax-m-f-d-at-kpmg-luxembourg-4398505154,Junior Tax Compliance - Indirect Tax (m/f/d),,scraped,2026-07-07T01:52:58.756172,
e3a4589930b2d9c7,https://lu.linkedin.com/jobs/view/membre-de-l-%C3%A9quipe-dirigeante-h-f-x-cdi-40h-sem-maison-relais-bridel-cjf-20260701-at-cjf-asbl-4435226013,Membre de l'équipe dirigeante (H/F/X) - CDI - 40h/sem - Maison relais Bridel CJF_20260701,,scraped,2026-07-07T01:53:07.053778,
967593b21d45e359,https://lu.linkedin.com/jobs/view/associate-vat-consulting-at-pwc-luxembourg-4432789271,Associate VAT Consulting,,scraped,2026-07-07T01:53:15.175122,
1f73624092601eee,https://lu.linkedin.com/jobs/view/operational-excellence-analyst-global-operational-excellence-at-amazon-4437436440,"Operational Excellence Analyst , Global Operational Excellence",Amazon,posted,2026-07-07T01:53:43.640496,91
8656fa072423464c,https://lu.linkedin.com/jobs/view/charg%C3%A9-de-direction-h-f-x-40h-sem-cdi-cr%C3%A8che-charles-et-julie-luxembourg-ville-cjf-20260605-at-cjf-asbl-4435790660,Chargé de Direction (H/F/X) - 40h/sem - CDI - Crèche Charles et Julie - Luxembourg Ville  CJF_20260605,,scraped,2026-07-07T01:53:46.518441,
107cc0f86512bccb,https://lu.linkedin.com/jobs/view/c%C3%A2bleur-d%E2%80%99armoires-%C3%A9lectriques-industrielles-h-f-at-randstad-luxembourg-4432385211,Câbleur d’Armoires Électriques Industrielles (H/F),,scraped,2026-07-07T01:53:54.585063,
786fcb70cd38a3dc,https://lu.linkedin.com/jobs/view/aide-soignant-m-w-x-100%25-cdi-domaine-schoumansbongert-at-fondation-kr%C3%A4izbierg-4436079443,Aide-soignant (m/w/x) 100% CDI Domaine Schoumansbongert,,scraped,2026-07-07T01:54:01.107363,
e92ce2c7b4885d47,https://lu.linkedin.com/jobs/view/program-manager-eu-inbound-inventory-placement-operations-at-amazon-4437449078,"Program Manager, EU Inbound & Inventory Placement Operations",Amazon,posted,2026-07-07T01:54:33.791687,93
a6e9f59293d5295f,https://lu.linkedin.com/jobs/view/d%C3%A9panneur-chauffage-m-f-%E2%80%93-site-%C3%A0-luxembourg-at-soclair-equipements-sa-4435203075,Dépanneur chauffage (m/f) – site à Luxembourg,,scraped,2026-07-07T01:54:36.384181,
0ee987aef2929527,https://lu.linkedin.com/jobs/view/senior-business-analyst-procurement-to-pay-at-cosmote-global-solutions-4432368100,Senior Business Analyst(Procurement-to-Pay),,scraped,2026-07-07T01:54:44.500362,
20664e874901a73b,https://lu.linkedin.com/jobs/view/aide-soignant-m-f-d-centre-d-aide-et-de-soins-de-mamer-at-st%C3%ABftung-h%C3%ABllef-doheem-4435809941,Aide-soignant (m/f/d) - Centre d'Aide et de Soins de Mamer,,scraped,2026-07-07T01:54:51.873404,
f49efb3b88ae9f03,https://lu.linkedin.com/jobs/view/un-e-%C3%A9ducateur-%C3%A9ducatrice-p%C3%A9diatrique-m-f-cdi-%E2%80%93-70-90%25-%E2%80%93-niederkorn-at-p%C3%A4iperl%C3%A9ck-aides-et-soins-%C3%A0-domicile-r%C3%A9sidences-seniors-4435475059,Un(e) Éducateur/Éducatrice Pédiatrique (M/F)CDI – 70-90% – Niederkorn,,scraped,2026-07-07T01:55:01.478596,
710844a5407a4ac3,https://lu.linkedin.com/jobs/view/comptable-support-finance-at-reinert-sarl-4436264057,Comptable & Support Finance,,scraped,2026-07-07T01:55:10.386349,
6a3ba39b209c0b40,https://lu.linkedin.com/jobs/view/dessinateur-stabilit%C3%A9-h-f-%E2%80%93-windhof-luxembourg-at-six-consulting-engineering-sa-4435047917,"Dessinateur Stabilité (H/F) – Windhof, Luxembourg",,scraped,2026-07-07T01:55:17.844823,
600ca356864238e5,https://lu.linkedin.com/jobs/view/collaborateurs-salles-des-jeux-at-casino-2000-4435231253,Collaborateurs Salles des Jeux,,scraped,2026-07-07T01:55:26.965254,
33b0a66426b39532,https://lu.linkedin.com/jobs/view/fund-controller-associate-at-kr-recruitment-luxembourg-4431916753,Fund Controller - Associate,,scraped,2026-07-07T01:55:38.181057,
44d877b51c3ec4b0,https://lu.linkedin.com/jobs/view/chef-de-cuisine-traiteur-%C3%A9v%C3%A9nementiel-cdi-40h-semaine-at-sodexo-4434331058,"Chef de cuisine - traiteur événementiel - CDI, 40h/semaine",,scraped,2026-07-07T01:55:45.145409,
60df1dd99a0b2300,https://lu.linkedin.com/jobs/view/management-assistant-for-our-travel-team-at-deloitte-4434952746,Management Assistant for our Travel Team,Deloitte,posted,2026-07-07T01:56:26.147265,95
5e46422c49f875bb,https://lu.linkedin.com/jobs/view/internship-client-register-12-months-at-pictet-group-4417120831,Internship - Client Register (12 months),,scraped,2026-07-07T01:56:28.866168,
bbd00eb30d01af4e,https://lu.linkedin.com/jobs/view/gestionnaire-middle-office-f-h-banque-priv%C3%A9e-lu876950-at-morgan-philips-specialist-recruitment-4421124768,Gestionnaire Middle Office F/H - Banque Privée LU876950,,scraped,2026-07-07T01:56:37.450906,
ef607f24eac0b2fc,https://lu.linkedin.com/jobs/view/resonsable-comptabilit%C3%A9-et-contr%C3%B4le-de-gestion-at-resultance-4434325702,Resonsable Comptabilité et Contrôle de Gestion,,scraped,2026-07-07T01:56:45.868924,
a1ab70576af4f7de,https://lu.linkedin.com/jobs/view/affili%C3%A9-entrepreneur-retail-h-f-x-grand-duch%C3%A9-de-luxembourg-at-delhaize-luxembourg-sa-4435460171,Affilié / Entrepreneur Retail (H/F/X) - Grand Duché de Luxembourg,,scraped,2026-07-07T01:56:54.514772,
feadb611eb24eca8,https://lu.linkedin.com/jobs/view/receptionniste-tournant-h-f-nb-cdd-4-mois-at-novotel-hotels-4434602844,Receptionniste Tournant (H/F/NB) - CDD 4 mois,,scraped,2026-07-07T01:57:02.600889,
571cb434172bbe6c,https://lu.linkedin.com/jobs/view/microsoft-data-ai-engineer-at-devoteam-4422293436,Microsoft Data & AI Engineer,Devoteam,posted,2026-07-07T01:58:00.851509,97
15e08aea247e2bc4,https://lu.linkedin.com/jobs/view/junior-project-coordinator-m-f-at-luxinnovation-gie-4431577819,Junior Project Coordinator (m/f),,scraped,2026-07-07T01:58:03.749940,
f29972be9e1a0194,https://lu.linkedin.com/jobs/view/internship-it-account-management-office-starting-from-september-at-ferrero-4408247826,INTERNSHIP IT Account Management Office (Starting from September),,scraped,2026-07-07T01:58:11.699355,
27182f9d9e6aa858,https://lu.linkedin.com/jobs/view/legal-intern-litigation-as-from-july-2027-at-linklaters-luxembourg-4431909969,Legal Intern - Litigation as from July 2027,Linklaters Luxembourg,posted,2026-07-07T01:58:31.561920,99
64d8a086727def30,https://lu.linkedin.com/jobs/view/technicien-programmation-r%C3%A9gulation-h-f-x-at-reckinger-alfred-s-a-4432383295,TECHNICIEN PROGRAMMATION RÉGULATION (H/F/X),,scraped,2026-07-07T01:58:34.292714,
6c0b191da1b5e18f,https://lu.linkedin.com/jobs/view/osint-investigator-at-satispay-4406230556,OSINT Investigator,,scraped,2026-07-07T01:58:44.210239,
c58fb1da08363da0,https://lu.linkedin.com/jobs/view/architecte-paysagiste-m-f-d-at-lsc360-4436097048,Architecte-Paysagiste (m/f/d),,scraped,2026-07-07T01:58:52.304603,
81d0862c274282f1,https://lu.linkedin.com/jobs/view/professeur-d-histoire-g%C3%A9ographie-pour-la-section-internationale-britannique-h-f-cdi-40h-at-vauban-ecole-et-lyc%C3%A9e-fran%C3%A7ais-de-luxembourg-4434316887,Professeur d'histoire-géographie pour la section internationale britannique (H/F) - CDI 40h,"Vauban, Ecole et Lycée Français de Luxembourg",posted,2026-07-07T01:59:10.190383,101
6d9f97f75acc3284,https://lu.linkedin.com/jobs/view/business-development-specialist-at-les-consultants-lu-be-4435204803,Business Development Specialist,,scraped,2026-07-07T01:59:12.982026,
2777445a2e4c1ec7,https://lu.linkedin.com/jobs/view/legal-internship-programme-luxembourg-2027-at-dla-piper-4436043251,Legal Internship Programme Luxembourg 2027,DLA Piper,posted,2026-07-07T01:59:32.944142,103
f53bba079112a492,https://lu.linkedin.com/jobs/view/gestionnaire-du-recrutement-m-f-a2-at-administration-des-contributions-directes-4435208861,Gestionnaire du recrutement (m/f) - A2,Administration des contributions directes,posted,2026-07-07T01:59:45.457566,105
92c9d1fb0973ad57,https://lu.linkedin.com/jobs/view/talent-acquisition-specialist-at-cbtw-4434955876,Talent Acquisition Specialist,,scraped,2026-07-07T01:59:48.129686,
eb7d16258ce073c4,https://lu.linkedin.com/jobs/view/m365-business-analyst-at-stott-and-may-4434317547,M365 Business Analyst,,scraped,2026-07-07T01:59:55.391011,
ec92acad839c2a9c,https://lu.linkedin.com/jobs/view/chef-de-groupe-%E2%80%93-groupe-de-vie-long-s%C3%A9jour-m-f-d-40-hrs-sem-cdi-at-elisabeth-%F0%9F%8C%B9-4435041880,Chef de groupe – Groupe de vie long séjour (m/f/d) 40 hrs/sem CDI,,scraped,2026-07-07T02:00:01.792569,
28a242433ab5dde7,https://lu.linkedin.com/jobs/view/stage-charg%C3%A9-de-communication-h-f-at-auchan-retail-luxembourg-4434318546,Stage - Chargé de communication (H-F),Auchan Retail Luxembourg,posted,2026-07-07T02:00:21.244958,107
d7ce068ecd7803bd,https://lu.linkedin.com/jobs/view/technicien-de-laboratoire-travaux-publics-h-f-x-at-karp-kneip-4436087880,Technicien de laboratoire Travaux Publics (H/F/X),,scraped,2026-07-07T02:00:23.830249,
e3ed662a9c297f7c,https://lu.linkedin.com/jobs/view/portfolio-management-associate-aifm-at-anderson-wise-4433176337,Portfolio Management Associate - AIFM,,scraped,2026-07-07T02:00:31.607317,
3fd9a17c3f1f2436,https://lu.linkedin.com/jobs/view/formateur-interne-m-f-x-cdd-40%25-%C3%A0-50%25-mersch-at-sos-kannerduerf-l%C3%ABtzebuerg-4435457096,Formateur interne (m/f/x) - CDD 40% à 50% - Mersch,,scraped,2026-07-07T02:00:38.709365,
baf97f282a0c5899,https://lu.linkedin.com/jobs/view/senior-corporate-accountant-f-m-luxembourg-lu877375-at-morgan-philips-specialist-recruitment-4430231069,Senior Corporate Accountant F/M - Luxembourg  LU877375,,scraped,2026-07-07T02:00:46.207880,
8ab5f34c81c746cc,https://lu.linkedin.com/jobs/view/react-developer-at-talenttrade-recruitment-limited-4436361661,React Developer,,scraped,2026-07-07T02:00:54.001505,
3d6eb32ce6f79b39,https://lu.linkedin.com/jobs/view/comptable-senior-at-wisag-luxembourg-4432357927,Comptable senior,,scraped,2026-07-07T02:01:02.511970,
00374317022f0dd5,https://lu.linkedin.com/jobs/view/finance-accounting-manager-at-funds-talent-4431930379,Finance & Accounting Manager,,scraped,2026-07-07T02:01:10.724841,
c61e4a4571e8642b,https://lu.linkedin.com/jobs/view/senior-compliance-officer-at-caixabank-asset-management-4435468024,Senior Compliance Officer,,scraped,2026-07-07T02:01:17.462781,
8554224513cb3b38,https://lu.linkedin.com/jobs/view/consultant-senior-tech-lead-java-spring-angular-at-delta-consulting-company-4437193605,Consultant Senior - Tech Lead Java / Spring / Angular,Delta Consulting Company,posted,2026-07-07T02:01:34.873942,109
f87944fc313a7b30,https://lu.linkedin.com/jobs/view/investor-onboarding-aml-kyc-f-m-asset-manager-lu876784-at-morgan-philips-specialist-recruitment-4408453365,Investor Onboarding AML/KYC F/M - Asset Manager - LU876784,,scraped,2026-07-07T02:01:37.533070,
964712e7f1b187ed,https://lu.linkedin.com/jobs/view/internship-it-network-infrastructure-cybersecurity-at-ing-luxembourg-4435745991,INTERNSHIP - IT Network Infrastructure & Cybersecurity,ING Luxembourg,posted,2026-07-07T02:01:55.662516,111
93db54a1368be84a,https://lu.linkedin.com/jobs/view/educateur-gradu%C3%A9-assistant-p%C3%A9dagogique-m-w-nb-kannerhaus-iechternach-at-arcus-asbl-4436087698,Educateur gradué/Assistant pédagogique (M/W/NB) - Kannerhaus Iechternach,arcus asbl,posted,2026-07-07T02:02:46.005128,113
4c742e08f644123f,https://lu.linkedin.com/jobs/view/directeur-des-soins-m-f-x-cdi-40h-semaine-at-sodexo-4431911946,"Directeur des Soins (m/f/x) - CDI, 40h/semaine",,scraped,2026-07-07T02:02:48.633314,
8bb3fcf57c33fdf1,https://lu.linkedin.com/jobs/view/infirmiers-f-m-cdi-temps-partiel-temps-plein-at-hppa-homes-pour-personnes-%C3%A2g%C3%A9es-4435705681,Infirmiers (f/m) - CDI - temps partiel/temps plein,,scraped,2026-07-07T02:02:55.439551,
df9ac40a644a0117,https://lu.linkedin.com/jobs/view/net-developer-at-technology-partner-4436206355,.Net Developer,,scraped,2026-07-07T02:03:03.271721,
6cddf38d8224ec7f,https://lu.linkedin.com/jobs/view/een-diplom%C3%A9ierten-erz%C3%A9ier-w-m-x-wunnstruktur-zu-betten-fermette-at-apemh-4436499761,Een diploméierten Erzéier (w/m/x) - Wunnstruktur zu Betten (Fermette),,scraped,2026-07-07T02:03:10.232996,
155c13c8fae6d527,https://lu.linkedin.com/jobs/view/programmeur-plc-at-l-e-a-se-s-a-luxembourg-engineering-application-services-4435439713,Programmeur PLC,,scraped,2026-07-07T02:03:17.056018,
6d6b0e3a088a0ff4,https://lu.linkedin.com/jobs/view/aides-soignants-f-m-cdi-temps-partiel-temps-plein-at-hppa-homes-pour-personnes-%C3%A2g%C3%A9es-4435701970,Aides-soignants (f/m) - CDI - temps partiel/temps plein,,scraped,2026-07-07T02:03:25.285217,
06f688639766c7c2,https://lu.linkedin.com/jobs/view/alternant-en-ressources-humaines-m-f-d-at-st%C3%ABftung-h%C3%ABllef-doheem-4435027844,Alternant en Ressources Humaines (m/f/d),,scraped,2026-07-07T02:03:33.004914,
875be38b09d207d2,https://lu.linkedin.com/jobs/view/fund-events-consultant-fa-ta-at-taleo-consulting-4433962666,Fund Events Consultant - FA / TA,,scraped,2026-07-07T02:03:42.747089,
39f494654a7eb69a,https://lu.linkedin.com/jobs/view/analyst-turnaround-restructuring-at-deloitte-4433187560,Analyst - Turnaround & Restructuring,Deloitte,posted,2026-07-07T02:04:07.612291,115
850fb6d67d91bef1,https://lu.linkedin.com/jobs/view/chef-d%E2%80%99%C3%A9quipe-h-f-x-at-karp-kneip-4432385210,Chef d’équipe (H/F/X),,scraped,2026-07-07T02:04:10.229821,
fcfb1d5ae8df075b,https://lu.linkedin.com/jobs/view/manager-corporate-administration-at-anderson-wise-4433161780,Manager Corporate Administration,,scraped,2026-07-07T02:04:17.599080,
e62591024efb9ec9,https://lu.linkedin.com/jobs/view/financial-controller-at-jost-4435073009,Financial Controller,,scraped,2026-07-07T02:04:24.625132,
b669c4c497fd7745,https://lu.linkedin.com/jobs/view/java-developer-m-f-at-tmc-luxembourg-4433752296,Java Developer (M/F),,scraped,2026-07-07T02:04:32.404395,
41bfee0b85356a2c,https://lu.linkedin.com/jobs/view/legal-intern-luxembourg-6-month-internship-at-linklaters-luxembourg-3814634193,Legal Intern Luxembourg - 6-month internship,Linklaters Luxembourg,posted,2026-07-07T02:04:52.804213,117
0153d4cb32b2a7ea,https://lu.linkedin.com/jobs/view/private-equity-fund-controller-at-anderson-wise-4433968456,Private Equity Fund Controller,,scraped,2026-07-07T02:04:55.461145,
b1526f2aabd791a2,https://lu.linkedin.com/jobs/view/carrossier-pour-notre-site-%C3%A0-ingeldorf-m-f-n-wemobility-at-emile-weber-4431563610,Carrossier pour notre site à Ingeldorf (m/f/n) - WEmobility,,scraped,2026-07-07T02:05:02.592669,
44caa4a061aa000e,https://lu.linkedin.com/jobs/view/entry-level-brand-sales-specialist-power-luxembourg-at-ibm-4432797359,Entry level Brand Sales Specialist - Power - Luxembourg,IBM,posted,2026-07-07T02:05:19.937218,119
1eb109581ad4091f,https://lu.linkedin.com/jobs/view/technicien-support-t%C3%A9l%C3%A9phonie-ip-cisco-unified-communications-h-f-%E2%80%93-cdi-temps-complet-at-telkea-group-4435436879,Technicien Support Téléphonie IP Cisco / Unified Communications (H/F) – CDI temps complet,,scraped,2026-07-07T02:05:22.614910,
c16eacfa5c0781d4,https://lu.linkedin.com/jobs/view/market-intelligence-offer-manager-lu877389-at-morgan-philips-executive-search-4426476288,Market Intelligence & Offer Manager LU877389,,scraped,2026-07-07T02:05:32.895083,
fc34be12f6d60233,https://lu.linkedin.com/jobs/view/femmes-de-charge-pour-le-service-restauration-f-m-cdi-temps-partiel-temps-plein-at-hppa-homes-pour-personnes-%C3%A2g%C3%A9es-4432314930,Femmes de charge pour le service restauration (f/m) - CDI - temps partiel/temps plein,,scraped,2026-07-07T02:05:41.187416,
d76fd3af567536c6,https://lu.linkedin.com/jobs/view/laborantin-h-f-x-ref%C2%B0676-at-lns-laboratoire-national-de-sant%C3%A9-4436095176,Laborantin (h/f/x) Ref°676,,scraped,2026-07-07T02:05:48.713165,
d68c856adfcc7748,https://lu.linkedin.com/jobs/view/medior-business-analyst-at-clavem-group-4435789204,Medior Business Analyst,,scraped,2026-07-07T02:05:57.752014,
a7b7def0bc678dd8,https://lu.linkedin.com/jobs/view/electrom%C3%A9canicien-h-f-x-kirchberg-at-veolia-belgium-luxembourg-4436094051,Electromécanicien (H/F/X) - Kirchberg,,scraped,2026-07-07T02:07:08.604970,
4bb53cb67b9b1d2f,https://lu.linkedin.com/jobs/view/coffreurs-bancheurs-at-gal%C3%A8re-lux-4435830167,COFFREURS BANCHEURS,,scraped,2026-07-07T02:08:19.934054,
e6fc00d3ddbc8575,https://lu.linkedin.com/jobs/view/legal-intern-corporate-at-dla-piper-4436032594,Legal Intern Corporate,DLA Piper,posted,2026-07-07T02:08:42.167203,121
1ef57e98375f5a05,https://lu.linkedin.com/jobs/view/ouvrier-polyvalent-exp%C3%A9riment%C3%A9-h-f-d-40-heures-semaine-cdi-at-kannerhaus-wooltz-asbl-4436092411,"Ouvrier Polyvalent Expérimenté (h,f,d) 40 heures / semaine, CDI",Kannerhaus Wooltz Asbl,posted,2026-07-07T02:09:06.480014,123
610cb8e2e8289d0a,https://lu.linkedin.com/jobs/view/information-technology-security-engineer-at-thoughtlabs-belgium-4435554495,Information Technology Security Engineer,,scraped,2026-07-07T02:09:09.143161,
eae50bc4e1314d96,https://lu.linkedin.com/jobs/view/fa-26029-senior-finance-project-officer-at-luxembourg-institute-of-science-and-technology-list-4434373657,FA-26029-SENIOR FINANCE PROJECT OFFICER,,scraped,2026-07-07T02:09:16.731411,
38b9fb56a4434846,https://lu.linkedin.com/jobs/view/monteurs-hvac-h-f-x-at-reckinger-alfred-s-a-4432369511,MONTEURS HVAC (H/F/X),,scraped,2026-07-07T02:10:27.293501,
d986d12c22f37bed,https://lu.linkedin.com/jobs/view/m%C3%A9decin-g%C3%A9n%C3%A9raliste-at-centre-hospitalier-neuro-psychiatrique-4435413191,Médecin généraliste,,scraped,2026-07-07T02:10:36.504160,
a41bc0b0d3a1b6e5,https://lu.linkedin.com/jobs/view/product-manager-consolidation-at-prophix-4407919408,"Product Manager, Consolidation",,scraped,2026-07-07T02:10:44.697360,
b5581e05acffd10c,https://lu.linkedin.com/jobs/view/service-delivery-manager-at-squaredev-4437400512,Service Delivery Manager,,scraped,2026-07-07T02:10:51.506402,
51236805c63976a4,https://lu.linkedin.com/jobs/view/investment-director-copenhagen-luxembourg-at-nature-development-company-4435515650,Investment Director (Copenhagen/Luxembourg),,scraped,2026-07-07T02:10:59.014430,
a0c7baf6c7e31266,https://lu.linkedin.com/jobs/view/educateur-dipl%C3%B4m%C3%A9-m-w-nb-cr%C3%A8che-staus%C3%A9i-harel-at-arcus-asbl-4435706788,Educateur diplômé (M/W/NB) - Crèche Stauséi (Harel),arcus asbl,posted,2026-07-07T02:11:56.047235,125
9ccca8d86fe0f4f1,https://lu.linkedin.com/jobs/view/audit-trainee-october-2026-or-january-2027-m-f-d-at-pwc-luxembourg-4347813434,Audit Trainee - October 2026 or January 2027 (m/f/d),,scraped,2026-07-07T02:11:58.819662,
db8d928173d94cff,https://lu.linkedin.com/jobs/view/digital-risk-oversight-expert-m-f-d-at-kpmg-luxembourg-4426385167,Digital Risk Oversight Expert (m/f/d),,scraped,2026-07-07T02:12:07.534002,
1680456001225a0d,https://lu.linkedin.com/jobs/view/public-policy-consultant-%E2%80%93-public-health-associate-at-pwc-luxembourg-4413346766,Public Policy Consultant – Public Health - Associate,,scraped,2026-07-07T02:12:16.308873,
b607e1a98fa06146,https://lu.linkedin.com/jobs/view/engineer-aviation-information-security-at-cargolux-airlines-4406700170,Engineer Aviation Information Security,,scraped,2026-07-07T02:12:23.062987,
2f8c1e1a7f40229c,https://lu.linkedin.com/jobs/view/aide-soignant-m-f-d-centre-d-aide-et-de-soins-de-niederkorn-at-st%C3%ABftung-h%C3%ABllef-doheem-4435833300,Aide-soignant (m/f/d) - Centre d'Aide et de Soins de Niederkorn,,scraped,2026-07-07T02:12:30.077870,
261fd1ff9902461c,https://lu.linkedin.com/jobs/view/aide-soignant-m-f-d-centre-d-aide-et-de-soins-de-niederkorn-at-st%C3%ABftung-h%C3%ABllef-doheem-4435038066,Aide-soignant (m/f/d) - Centre d'Aide et de Soins de Niederkorn,,scraped,2026-07-07T02:12:39.340402,
c83b016616e67ece,https://lu.linkedin.com/jobs/view/chauffeur-grue-auxiliaire-exp%C3%A9riment%C3%A9-h-f-x-at-karp-kneip-4432385213,Chauffeur grue auxiliaire expérimenté (H/F/X),,scraped,2026-07-07T02:12:48.965069,
dca58cf378ad789e,https://lu.linkedin.com/jobs/view/r%C3%A9dacteur-b1-administratif-mobilit%C3%A9-urbaine-m-f-d-at-ville-d-esch-sur-alzette-4435700436,Rédacteur (B1 administratif) - Mobilité urbaine (m/f/d),,scraped,2026-07-07T02:12:56.325029,
2fdbb947f92ff2e1,https://lu.linkedin.com/jobs/view/sp%C3%A9cialiste-pr%C3%A9presse-h-f-x-institution-europeenne-at-randstad-luxembourg-4434666127,Spécialiste prépresse (H/F/X) - INSTITUTION EUROPEENNE,,scraped,2026-07-07T02:13:05.252330,
195a7857ea220031,https://lu.linkedin.com/jobs/view/aide-soignant-m-f-d-centre-d-aide-et-de-soins-de-niederkorn-at-st%C3%ABftung-h%C3%ABllef-doheem-4435438357,Aide-soignant (m/f/d) - Centre d'Aide et de Soins de Niederkorn,,scraped,2026-07-07T02:13:11.838093,
589c7bd00d1f9acf,https://lu.linkedin.com/jobs/view/compliance-officer-rc-aifm-at-xb-luxembourg-4423633450,Compliance Officer (RC) - AIFM,,scraped,2026-07-07T02:13:21.519045,
b3d8cb1eb15de135,https://lu.linkedin.com/jobs/view/senior-administrator-desk-side-services-at-hcltech-4434975202,Senior Administrator Desk Side Services,,scraped,2026-07-07T02:13:28.476105,
b43b72fa807e4699,https://lu.linkedin.com/jobs/view/devops-engineer-ai-model-evaluator-at-mercor-4435262393,DevOps Engineer - AI Model Evaluator,,scraped,2026-07-07T02:13:36.058616,
1fd0f0ed7af0c30c,https://lu.linkedin.com/jobs/view/senior-compliance-officer-at-anderson-wise-4433163710,Senior Compliance Officer,,scraped,2026-07-07T02:14:47.153181,
ef9814c9f0f8ba49,https://lu.linkedin.com/jobs/view/agent-d-entretien-f-h-x-at-randstad-luxembourg-4435464070,Agent d'entretien (f-h-x),,scraped,2026-07-07T02:14:54.079174,
6e1c46f1f828da11,https://lu.linkedin.com/jobs/view/ai-video-creator-at-the-flex-4436773579,AI Video Creator,,scraped,2026-07-07T02:15:00.739009,
96f9e257b35de5e6,https://lu.linkedin.com/jobs/view/senior-compliance-associate-at-coinbase-4426561315,Senior Compliance Associate,,scraped,2026-07-07T02:15:08.364725,
0efe71744d4edc54,https://lu.linkedin.com/jobs/view/vendeur-euse-conseiller-%C3%A8re-pour-nos-points-de-vente-drinx-h-f-x-at-munhowen-sa-4435468118,Vendeur(euse)/conseiller(ère) pour nos points de vente Drinx  (H/F/X),Munhowen SA,posted,2026-07-07T02:16:47.859307,127
ac4b78991355f6d3,https://lu.linkedin.com/jobs/view/deviseur-junior-g%C3%A9nie-civil-travaux-public-m-f-at-perrard-s-a-4335921320,Deviseur junior Génie Civil / Travaux Public (m/f),,scraped,2026-07-07T02:16:50.528330,
d043b84bf6ee65c0,https://lu.linkedin.com/jobs/view/pre-sales-solutioner-data-at-sogeti-4436380127,Pre-Sales Solutioner - Data,,scraped,2026-07-07T02:16:59.431940,
d642f0c3db724697,https://lu.linkedin.com/jobs/view/senior-distributed-systems-engineer-remote-work-ref%23293792-at-bairesdev-4426564346,Senior Distributed Systems Engineer - Remote Work | REF#293792,,scraped,2026-07-07T02:17:05.807602,
e05686dde147918d,https://lu.linkedin.com/jobs/view/deputy-cto-ai-product-at-jobgether-4432339755,Deputy CTO (AI Product),,scraped,2026-07-07T02:17:13.120175,
810a6894e76e8edd,https://lu.linkedin.com/jobs/view/officer-2-corporate-secretarial-at-gen-ii-fund-services-4433706239,Officer 2 - Corporate Secretarial,,scraped,2026-07-07T02:17:19.974317,
882cfdbcf5aeec37,https://lu.linkedin.com/jobs/view/chef-d%E2%80%99%C3%A9quipe-%E2%80%93-sanitaire-m-f-%E2%80%93-site-%C3%A0-luxembourg-at-soclair-equipements-sa-4435091758,Chef d’équipe – Sanitaire (m/f) – site à Luxembourg,,scraped,2026-07-07T02:17:38.904501,
2125cea71ed77cb1,https://lu.linkedin.com/jobs/view/technicien-en-%C3%A9lectricit%C3%A9-et-%C3%A9lectronique-h-f-d-at-randstad-luxembourg-4435825578,Technicien en électricité et électronique (h/f/d),,scraped,2026-07-07T02:17:46.637388,
284f1cba558920ed,https://lu.linkedin.com/jobs/view/senior-sales-support-march%C3%A9-fran%C3%A7ais-at-allianz-luxembourg-4434313294,(Senior) Sales Support - marché français,,scraped,2026-07-07T02:18:56.872541,
3b3ca0df4645bde0,https://lu.linkedin.com/jobs/view/associate-banking-law-at-carter-fox-4428942907,Associate-Banking Law,,scraped,2026-07-07T02:19:03.678455,
5cead696e74c0bd0,https://lu.linkedin.com/jobs/view/sd-26106-phd-position-on-assessment-and-monitoring-of-soil-health-at-contaminated-sites-using-geophysical-characterisation-methods-at-luxembourg-institute-of-science-and-technology-list-4434370479,SD-26106-PHD POSITION ON ASSESSMENT AND MONITORING OF SOIL HEALTH AT CONTAMINATED SITES USING GEOPHYSICAL CHARACTERISATION METHODS,,scraped,2026-07-07T02:19:10.211206,
f29330117e8f022f,https://lu.linkedin.com/jobs/view/internship-compliance-department-at-brown-brothers-harriman-4435483095,Internship - Compliance Department,,scraped,2026-07-07T02:19:17.439558,
8dd750f0cae14710,https://lu.linkedin.com/jobs/view/d%C3%A9veloppeur-cobol-at-scs-consulting-4433928744,Développeur Cobol,,scraped,2026-07-07T02:19:25.716146,
adb7b5fdefe646f5,https://lu.linkedin.com/jobs/view/new-c-p-manager-de-restaurant-h-f-x-at-concept-partners-4435739351,NEW - C&P - Manager de restaurant (H/F/X),,scraped,2026-07-07T02:19:33.110281,
791745c6f95b77df,https://lu.linkedin.com/jobs/view/internship-commercial-support-at-ing-luxembourg-4426043107,INTERNSHIP - Commercial Support,ING Luxembourg,posted,2026-07-07T02:19:51.660362,129
579b19a7471944fa,https://lu.linkedin.com/jobs/view/job-etudiant-plonge-service-du-soir-sans-coupure-at-accor-4434926072,Job Etudiant Plonge / Service du soir / Sans coupure,Accor,posted,2026-07-07T02:20:04.903373,131
35da5464f2317864,https://lu.linkedin.com/jobs/view/agent%C2%B7e-technique-en-b%C3%A2timent-carri%C3%A8re-c3-pour-les-besoins-de-la-rewa-at-gemeng-suessem-4435002179,"Agent·e technique en bâtiment, carrière C3, pour les besoins de la REWA",,scraped,2026-07-07T02:20:07.738683,
4dd2d32c071ae173,https://lu.linkedin.com/jobs/view/chau-chauffeur-c-ce-exp-messagerie-manutention-at-randstad-luxembourg-4434332870,CHAU-CHAUFFEUR C-CE EXP MESSAGERIE/MANUTENTION,,scraped,2026-07-07T02:21:18.584566,
5a78adee05491d7e,https://lu.linkedin.com/jobs/view/valuation-intern-at-partners-group-4435447656,Valuation Intern,,scraped,2026-07-07T02:22:29.146578,
eb43b5ff0d9d6265,https://lu.linkedin.com/jobs/view/agence-d-int%C3%A9rim%0Atalent-at-sofitex-luxembourg-4431558176,"AGENCE D'INTÉRIM
TALENT",,scraped,2026-07-07T02:22:36.363621,
2eb6d98d98b49e0c,https://lu.linkedin.com/jobs/view/senior-training-and-capacity-development-expert-at-ntu-international-a-s-4434978689,Senior Training and Capacity Development Expert,,scraped,2026-07-07T02:22:49.724958,
c01f5bb63060924d,https://lu.linkedin.com/jobs/view/chef-de-partie-salon-de-direction-m-f-x-cdi-40h-semaine-at-sodexo-4435041916,"Chef de Partie salon de direction (m/f/x) - CDI, 40h/semaine",,scraped,2026-07-07T02:22:57.783567,
3ce1724fb2e01746,https://lu.linkedin.com/jobs/view/business-support-intern-at-lombard-odier-group-4431924641,Business Support Intern,,scraped,2026-07-07T02:23:04.750378,
4197346201174612,https://lu.linkedin.com/jobs/view/corporate-officer-investment-funds-corporate-governance-at-winmatch-recruitment-expert-4435184464,Corporate Officer - Investment Funds & Corporate Governance,WinMatch - Recruitment Expert,posted,2026-07-07T02:23:22.020181,133
b530c492832a8258,https://lu.linkedin.com/jobs/view/technical-account-manager-at-luxtrust-s-a-4434312685,Technical Account Manager,,scraped,2026-07-07T02:23:24.730103,
823fa5e398592351,https://lu.linkedin.com/jobs/view/business-analyst-ai-at-charles-oakes-4436767757,Business Analyst-AI,,scraped,2026-07-07T02:23:33.286326,
f84b8b8a3fb7f463,https://lu.linkedin.com/jobs/view/%C3%A9lectricien-industriel-h-f-at-john-cockerill-4388114355,électricien (industriel) H/F,,scraped,2026-07-07T02:23:40.992690,
65d461708fc77278,https://lu.linkedin.com/jobs/view/apprenti-en-comptabilit%C3%A9-at-kronospan-4436245360,Apprenti en Comptabilité,,scraped,2026-07-07T02:23:48.621126,
7be3d95057778fc5,https://lu.linkedin.com/jobs/view/fund-investment-compliance-associate-1-at-state-street-4435559652,"Fund Investment Compliance, Associate 1",,scraped,2026-07-07T02:25:00.258063,
4cccb439f28d6860,https://lu.linkedin.com/jobs/view/account-manager-projets-architecturaux-luxembourg-secteur-de-la-construction-at-winsearch-vlaanderen-4435553002,Account Manager Projets Architecturaux | Luxembourg | Secteur de la Construction,,scraped,2026-07-07T02:25:11.756385,
27d0805821fbe822,https://lu.linkedin.com/jobs/view/directeur-de-la-coh%C3%A9sion-sociale-et-du-centre-communal-d-apos-action-sociale-h-f-at-la-gazette-des-communes-4432782656,Directeur de la cohésion sociale et du Centre communal d&apos;action sociale (H/F),La Gazette des Communes,posted,2026-07-07T02:26:38.005160,135
74ff379e3b6a716f,https://lu.linkedin.com/jobs/view/agence-d-int%C3%A9rim%0Aesch-sur-alzette-%E2%80%93-industrie-services-logistique-at-sofitex-luxembourg-4434318220,"AGENCE D'INTÉRIM
ESCH-SUR-ALZETTE – INDUSTRIE, SERVICES & LOGISTIQUE",,scraped,2026-07-07T02:26:40.648417,
f4737d05e2a6ce7f,https://lu.linkedin.com/jobs/view/test-automation-engineer-at-taleo-consulting-4433157679,Test Automation Engineer,,scraped,2026-07-07T02:27:53.043936,
ee5e79bf30dff287,https://lu.linkedin.com/jobs/view/german-speaking-junior-vat-consultant-at-bdo-luxembourg-4432745229,German-speaking Junior VAT Consultant,,scraped,2026-07-07T02:28:00.634849,
9961b761e8c41ad4,https://lu.linkedin.com/jobs/view/aide-soignant-m-f-d-centre-d-aide-et-de-soins-de-luxembourg-est-niederanven-at-st%C3%ABftung-h%C3%ABllef-doheem-4435026779,Aide-soignant (m/f/d) - Centre d'Aide et de Soins de Luxembourg-Est (Niederanven),,scraped,2026-07-07T02:29:12.602610,
80cc1ce7d8e2ab86,https://lu.linkedin.com/jobs/view/manager-f%C3%BCr-den-tankstellenbetrieb-m-w-d-at-petro-center-luxembourg-4435446532,Manager für den Tankstellenbetrieb (m/w/d),,scraped,2026-07-07T02:29:22.660490,
506aa8c5511c69d0,https://lu.linkedin.com/jobs/view/manager-payroll-h-f-x-at-wisag-luxembourg-4432371098,Manager Payroll (h/f/x),,scraped,2026-07-07T02:29:40.123730,
ac133d48fd9d3506,https://lu.linkedin.com/jobs/view/work-in-portugal-video-content-analyst-accomodation-support-available-%21-at-global-people-sphere-4435462181,Work in Portugal: Video Content Analyst (Accomodation Support Available)!,Global People Sphere,posted,2026-07-07T02:30:07.527700,137
f12e26ffa9b8a67a,https://lu.linkedin.com/jobs/view/junior-auditor-m-f-starting-january-2027-at-ey-4387710915,Junior Auditor (m/f) | Starting January 2027,EY,posted,2026-07-07T02:30:19.119845,139
4793002279fd465d,https://lu.linkedin.com/jobs/view/solution-consultant-at-avaloq-4410808575,Solution Consultant,Avaloq,posted,2026-07-07T02:30:33.222827,141
7992b80b178ff4a0,https://lu.linkedin.com/jobs/view/chef-de-chantier-hvac-sanitaire-m-f-site-%C3%A0-differdange-at-soclair-equipements-sa-4435202156,Chef de chantier HVAC-Sanitaire (m/f) - site à Differdange,,scraped,2026-07-07T02:30:36.152191,
9892817113c2afda,https://lu.linkedin.com/jobs/view/p%C3%A9dagogue-sp%C3%A9cialis%C3%A9-en-accompagnement-exp%C3%A9rientiel-et-individualis%C3%A9-m-f-x-cdi-75%25-%C3%A0-100%25-at-sos-kannerduerf-l%C3%ABtzebuerg-4435450501,Pédagogue spécialisé en accompagnement expérientiel et individualisé (m/f/x) - CDI 75% à 100%,,scraped,2026-07-07T02:30:43.635944,
715d1ee956994950,https://lu.linkedin.com/jobs/view/valuation-oversight-manager-at-eurolux-consulting-4433715003,Valuation Oversight Manager,,scraped,2026-07-07T02:31:55.066223,
dc56e4a93f649f84,https://lu.linkedin.com/jobs/view/technicien-poseur-pare-brise-et-vitrages-at-goedert-group-4435752762,Technicien poseur Pare-brise et vitrages,,scraped,2026-07-07T02:32:03.305850,
b3a4b17b80932696,https://lu.linkedin.com/jobs/view/ing%C3%A9nieur-e-qhse-at-seco-luxembourg-4435037066,Ingénieur(e) QHSE,,scraped,2026-07-07T02:32:11.698783,
5cc0b911e61b108b,https://lu.linkedin.com/jobs/view/senior-data-platform-engineer-remote-work-ref%23293903-at-bairesdev-4426560350,Senior Data Platform Engineer - Remote Work | REF#293903,,scraped,2026-07-07T02:33:24.814875,
094ae70e59096731,https://lu.linkedin.com/jobs/view/senior-automation-tester-at-brayton-global-4436177760,Senior Automation Tester,,scraped,2026-07-07T02:33:32.134508,
3e276ccc880dedc1,https://lu.linkedin.com/jobs/view/software-developer-integration-m-f-x-at-luxair-4387919447,Software Developer - Integration (m/f/x),,scraped,2026-07-07T02:33:39.533420,
2d38b822dd62b195,https://lu.linkedin.com/jobs/view/general-accounting-team-leader-at-banque-de-luxembourg-4436742310,General Accounting Team Leader,,scraped,2026-07-07T02:33:47.188738,
ad742268a69c8100,https://lu.linkedin.com/jobs/view/sr-director-analyst-innovation-and-emerging-technologies-remote-europe-at-gartner-4414059694,Sr Director Analyst - Innovation and Emerging Technologies (Remote: Europe),Gartner,posted,2026-07-07T02:34:31.026494,143
6ecbf1053e004418,https://lu.linkedin.com/jobs/view/new-kach-m-w-nb-cr%C3%A8che-maison-relais-nidderfeelen-at-arcus-asbl-4434607591,NEW Kach (M/W/NB) - Crèche & Maison Relais Nidderfeelen,arcus asbl,posted,2026-07-07T02:36:25.780255,145
98bad947d5252d17,https://lu.linkedin.com/jobs/view/risk-and-internal-control-business-partner-cr%C3%A9dits-juridique-expertise-immobili%C3%A8re-m-f-x-at-banque-raiffeisen-4434604751,Risk and Internal Control Business Partner - Crédits / Juridique / Expertise immobilière (M/F/X),,scraped,2026-07-07T02:36:28.443001,
4fc425df21cbd23b,https://lu.linkedin.com/jobs/view/senior-full-stack-engineer-remote-at-yo-it-consulting-4434601185,Senior Full Stack Engineer - Remote,,scraped,2026-07-07T02:36:37.559622,
5d80a53f427cb992,https://lu.linkedin.com/jobs/view/consultant-ind%C3%A9pendant-at-hetestate-4434961572,Consultant indépendant,,scraped,2026-07-07T02:37:47.837583,
a7d644bee48aa19a,https://lu.linkedin.com/jobs/view/records-manager-m-w-at-eowin-4436098640,Records Manager M/W,,scraped,2026-07-07T02:38:02.712988,
f5a1fa96b837319c,https://lu.linkedin.com/jobs/view/german-language-speaker-remote-in-luxembourg-at-welo-data-4435451747,German Language Speaker (Remote in Luxembourg),Welo Data,posted,2026-07-07T02:38:23.034761,147
650bfa615e3b22d7,https://lu.linkedin.com/jobs/view/customs-trade-policy-trainee-at-pwc-luxembourg-4413345725,Customs & Trade Policy Trainee,,scraped,2026-07-07T02:38:25.682150,
0548fbccbfeb6c85,https://lu.linkedin.com/jobs/view/data-solutions-ai-expert-at-quintet-private-bank-4400582654,Data Solutions & AI expert,,scraped,2026-07-07T02:39:38.265800,
f5149d46ff5371b4,https://lu.linkedin.com/jobs/view/chef-de-chantier-chef-d-%C3%A9quipe-basse-tension-h-f-d-at-paul-wagner-et-fils-sa-4436228100,Chef de chantier / Chef d'équipe Basse Tension (H/F/D),,scraped,2026-07-07T02:39:46.100872,
e0bc5e44fc8fb223,https://lu.linkedin.com/jobs/view/fonctionnaire-a2-ressources-humaines-at-commune-de-mondorf-les-bains-4436096529,Fonctionnaire A2 - Ressources humaines,,scraped,2026-07-07T02:39:57.070365,
2f59a9ec1d03b939,https://lu.linkedin.com/jobs/view/finance-analyst-accounts-payable-at-dws-group-4428178633,Finance Analyst (Accounts Payable),,scraped,2026-07-07T02:40:05.893034,
383219ac300c1a07,https://lu.linkedin.com/jobs/view/een-diplom%C3%A9ierten-erz%C3%A9ier-w-m-x-uewerkuerer-haus-at-apemh-4431907821,Een diploméierten Erzéier (w/m/x) - Uewerkuerer Haus,,scraped,2026-07-07T02:40:14.896890,
02cd1fa233a18a8a,https://lu.linkedin.com/jobs/view/space-system-engineer-contract-at-ko2-embedded-recruitment-solutions-ltd-4431959111,Space System Engineer - Contract,,scraped,2026-07-07T02:40:21.645980,
07ba01ff08c7d593,https://lu.linkedin.com/jobs/view/sp%C3%A9cialiste-vdi-modern-workplace-at-trustteam-luxembourg-4437164541,Spécialiste VDI & Modern Workplace,,scraped,2026-07-07T02:40:29.592759,
e1232e0499b4fe2c,https://lu.linkedin.com/jobs/view/krankenpfleger-m-w-d-hilfs-und-pflegezentrum-nordstad-diekirch-at-st%C3%ABftung-h%C3%ABllef-doheem-4435449559,Krankenpfleger (m/w/d) - Hilfs- und Pflegezentrum Nordstad (Diekirch),,scraped,2026-07-07T02:40:39.327837,
47aed3242aabb822,https://lu.linkedin.com/jobs/view/manager-global-product-management-pharma-product-focused-at-cargolux-airlines-4416499850,Manager Global Product Management - Pharma product focused,,scraped,2026-07-07T02:40:49.692303,
856d0f93e4ca40fe,https://lu.linkedin.com/jobs/view/commercial-sedentaire-fr-de-at-meogroup-luxembourg-4433302651,Commercial Sedentaire - FR / DE,,scraped,2026-07-07T02:40:56.562207,
775d6b9b4577b2d6,https://lu.linkedin.com/jobs/view/conducteur-de-ligne-h-f-%E2%80%93-secteur-industriel-at-randstad-luxembourg-4435079288,Conducteur de ligne (H/F) – Secteur Industriel,,scraped,2026-07-07T02:42:07.785604,
973236f738652b8d,https://lu.linkedin.com/jobs/view/carrier-success-intern-at-velox-s-%C3%A0-r-l-4431913402,Carrier Success Intern,VELOX S.à r.l.,posted,2026-07-07T02:42:43.010424,149
6283a5bf517a0dda,https://lu.linkedin.com/jobs/view/assistant-assistante-internet-et-statistiques-at-cfl-soci%C3%A9t%C3%A9-nationale-des-chemins-de-fer-luxembourgeois-4432386242,Assistant / Assistante Internet et statistiques,,scraped,2026-07-07T02:42:45.678002,
42fd2eabcc769e30,https://lu.linkedin.com/jobs/view/agence-d-int%C3%A9rim%0Atalent-at-sofitex-luxembourg-4431554308,"AGENCE D'INTÉRIM
TALENT",,scraped,2026-07-07T02:43:57.214159,
db6dc733160ed782,https://lu.linkedin.com/jobs/view/data-management-%E2%80%93-jr-data-governance-expert-fixed-term-contract-6-months-at-ing-luxembourg-4404439713,Data Management – Jr Data Governance Expert - Fixed-Term Contract 6 months,ING Luxembourg,posted,2026-07-07T02:44:18.366932,151
d8288a54c7c2e118,https://lu.linkedin.com/jobs/view/senior-developer-bi-power-platform-at-victor-buck-services-4433104110,Senior Developer BI & Power Platform,,scraped,2026-07-07T02:44:21.077161,
156de9976ba4f890,https://lu.linkedin.com/jobs/view/compliance-and-anti-financial-crime-officer-associate-at-nomura-4435827743,Compliance and Anti Financial Crime Officer - Associate,,scraped,2026-07-07T02:44:28.062453,
84c2a269498a5cf6,https://lu.linkedin.com/jobs/view/alternant-juriste-m-f-d-administration-centrale-at-st%C3%ABftung-h%C3%ABllef-doheem-4436079567,Alternant juriste  (m/f/d) - Administration Centrale,,scraped,2026-07-07T02:44:36.228146,
0484087c591a49dc,https://lu.linkedin.com/jobs/view/office-support-assistant-summer-student-contract-at-white-case-llp-4437172435,Office Support Assistant - Summer student contract,White & Case LLP,posted,2026-07-07T02:45:04.509423,153
a1ae2a8b6146f4ff,https://lu.linkedin.com/jobs/view/product-owner-tap-m-f-at-hays-4434971022,Product owner TAP M/F,,scraped,2026-07-07T02:45:07.345369,
585a3ba15e7d7771,https://lu.linkedin.com/jobs/view/senior-fund-controller-f-m-real-estate-funds-lu876841-at-morgan-philips-executive-search-4409280745,Senior Fund Controller F/M - Real Estate Funds -  LU876841,,scraped,2026-07-07T02:45:14.855850,
3195b05e809cac03,https://lu.linkedin.com/jobs/view/aide-socio-familiale-m-w-nb-service-aide-familiale-verschidde-regiounen-at-arcus-asbl-4435023541,Aide Socio-familiale (M/W/NB) - Service Aide Familiale (verschidde Regiounen),arcus asbl,posted,2026-07-07T02:46:09.433646,155
6d3749624ad85233,https://lu.linkedin.com/jobs/view/senior-test-automation-engineer-automation-coach-at-catamania-4436115922,Senior Test Automation Engineer / Automation Coach,,scraped,2026-07-07T02:46:12.170929,
7b9473f1b9f2b6ac,https://lu.linkedin.com/jobs/view/business-analyst-german-speaker-at-trustteam-luxembourg-4437410370,Business Analyst - German Speaker,,scraped,2026-07-07T02:46:20.144586,
f85085c437588144,https://lu.linkedin.com/jobs/view/aml-officer-luxembourg-fund-finance-at-cip-fund-solutions-4434320186,"AML Officer, Luxembourg Fund Finance",,scraped,2026-07-07T02:46:29.531341,
5daf6e814fd059e0,https://lu.linkedin.com/jobs/view/analyste-conformite-reglementaire-at-edmond-de-rothschild-4398257640,ANALYSTE CONFORMITE REGLEMENTAIRE,,scraped,2026-07-07T02:46:36.461088,
8d6165c6b2d78bef,https://lu.linkedin.com/jobs/view/legal-counsel-sr-at-cargolux-airlines-4406080417,Legal Counsel (SR),,scraped,2026-07-07T02:46:43.396117,
c928cc798d01eed1,https://lu.linkedin.com/jobs/view/legal-assistant-at-akd-4434345034,Legal Assistant,AKD,posted,2026-07-07T02:46:57.436509,31
b1d1a535c0c35c7c,https://lu.linkedin.com/jobs/view/krankenpfleger-m-w-d-hilfs-und-pflegezentrum-in-junglinster-at-st%C3%ABftung-h%C3%ABllef-doheem-4432311636,Krankenpfleger (m/w/d) - Hilfs- und Pflegezentrum in Junglinster,,scraped,2026-07-07T02:47:00.220608,
f1a717f27d12e0a1,https://lu.linkedin.com/jobs/view/cuisinier-m-f-at-caterman-sa-4435460666,Cuisinier (M/F),,scraped,2026-07-07T02:47:09.867190,
